ID,ItemRowName,PickupName,ItemImage_Filename,ItemType,Category,ItemRarity,CurrentStackSize,MaxStackSize,Potential,SubPotential,ItemDescription,Price,Reusable,MaxLevel,DisplayName
Armor_Gloves,Armor_Gloves,Gloves,Glove_Brown_pixel,Armor,Gloves,Poor,0,1,10,0,Handwear that provides protection and boosts dexterity.,500,FALSE,10,Gloves
Armor_Gloves_Hunter,Armor_Gloves_Hunter,Hunter Gloves,Gloves_Bow_pixel,Armor,Gloves,Poor,0,1,10,0,Flexible gloves that enhance dexterity and provide a better grip for handling bows and traps.,1500,FALSE,10,Hunter Gloves
Armor_Gloves_Mage,Armor_Gloves_Mage,Mage Gloves,Glove_Magic_pixel,Armor,Gloves,Poor,0,1,10,0,Lightweight gloves infused with magic to improve spellcasting efficiency and mana control.,1500,FALSE,10,Mage Gloves
Armor_Gloves_Warrior,Armor_Gloves_Warrior,Warrior Gloves,Gloves_Worrior_pixel,Armor,Gloves,Poor,0,1,10,0,Sturdy gloves designed to enhance a warrior?s grip and provide extra protection in combat.,1500,FALSE,10,Warrior Gloves
Armor_Hat_Basic,Armor_Hat_Basic,Hat,Hat_Gentlmen_pixel,Armor,Hat,Poor,0,1,10,0,A headgear that provides protection or boosts magical abilities.,700,FALSE,10,Hat
Armor_Hat_FarmerHat,Armor_Hat_FarmerHat,Farmer Hat,Hat_Gentlmen_pixel,Armor,Hat,Poor,0,1,10,0,A headgear that provides protection or boosts magical abilities.,700,FALSE,10,Farmer Hat
Armor_Hat_Beanie,Armor_Hat_Beanie,Beanie,Hat_Gentlmen_pixel,Armor,Hat,Poor,0,1,10,0,A headgear that provides protection.,700,FALSE,10,Beanie
Armor_Hat_Warrior,Armor_Hat_Warrior,Warrior Hat,Hat_Worrior_pixel,Armor,Hat,Poor,0,1,10,0,A reinforced helmet that offers superior head protection during battles.,1200,FALSE,10,Warrior Hat
Armor_Hat_Warrior_Expert,Armor_Hat_Warrior_Expert,Expert Warrior Hat,Hat_Worrior_pixel,Armor,Hat,Poor,0,1,30,0,A reinforced helmet that offers superior head protection during battles.,3000,FALSE,10,Expert Warrior Hat
Armor_Hat_Warrior_Master,Armor_Hat_Warrior_Master,Master Warrior Hat,Hat_Worrior_pixel,Armor,Hat,Poor,0,1,50,0,A reinforced helmet that offers superior head protection during battles.,8000,FALSE,10,Master Warrior Hat
Armor_Hat_Hunter,Armor_Hat_Hunter,Hunter Hat,Hat_Bow_pixel,Armor,Hat,Poor,0,1,10,0,"A durable, lightweight hat that provides shade and enhances awareness in the wild.",1200,FALSE,10,Hunter Hat
Armor_Hat_Hunter_Expert,Armor_Hat_Hunter_Expert,Expert Hunter Hat,Hat_Bow_pixel,Armor,Hat,Poor,0,1,30,0,"A durable, lightweight hat that provides shade and enhances awareness in the wild.",3000,FALSE,10,Expert Hunter Hat
Armor_Hat_Hunter_Master,Armor_Hat_Hunter_Master,Master Hunter Hat,Hat_Bow_pixel,Armor,Hat,Poor,0,1,50,0,"A durable, lightweight hat that provides shade and enhances awareness in the wild.",8000,FALSE,10,Master Hunter Hat
Armor_Hat_Mage,Armor_Hat_Mage,Mage Hat,Hat_Magic_pixel,Armor,Hat,Poor,0,1,10,0,A mystical hat enchanted to boost magical power and spell resistance.,1200,FALSE,10,Mage Hat
Armor_Hat_Mage_Expert,Armor_Hat_Mage_Expert,Expert Mage Hat,Hat_Magic_pixel,Armor,Hat,Poor,0,1,30,0,A mystical hat enchanted to boost magical power and spell resistance.,3000,FALSE,10,Expert Mage Hat
Armor_Hat_Mage_Master,Armor_Hat_Mage_Master,Master Mage Hat,Hat_Magic_pixel,Armor,Hat,Poor,0,1,50,0,A mystical hat enchanted to boost magical power and spell resistance.,8000,FALSE,10,Master Mage Hat
Armor_Pants,Armor_Pants,Pants,Pants_Jeans_pixel,Armor,Bottom,Poor,0,1,10,0,Lower body clothing that provides defense and comfort.,1600,FALSE,10,Pants
Armor_Pants_Hunter,Armor_Pants_Hunter,Hunter Pants,Pants_Bow_pixel,Armor,Bottom,Poor,0,1,10,0,"Sturdy pants designed for agility and flexibility, ideal for tracking and hunting.",2500,FALSE,10,Hunter Pants
Armor_Pants_Mage,Armor_Pants_Mage,Mage Pants,Pants_Magic_pixel,Armor,Bottom,Poor,0,1,10,0,Loose-fitting pants imbued with magic to allow ease of movement and spellcasting.,2500,FALSE,10,Mage Pants
Armor_Pants_Warrior,Armor_Pants_Warrior,Warrior Pants,Pants_Worrior_pixel,Armor,Bottom,Poor,0,1,10,0,Heavy-duty pants designed to endure intense physical combat and offer strong defense.,2500,FALSE,10,Warrior Pants
Armor_Shirts,Armor_Shirts,Shirts,Top_Shirts_pixel,Armor,Upper,Poor,0,1,10,0,Upper body clothing that offers protection or enhances abilities.,1000,FALSE,10,Shirts
Armor_Shirts_Warrior,Armor_Shirts_Warrior,Warrior Shirts,Top_Worrior_pixel,Armor,Upper,Poor,0,1,10,0,A reinforced battle shirt that provides excellent defense without restricting movement.,3000,FALSE,10,Warrior Shirts
Armor_Shirts_Warrior_Expert,Armor_Shirts_Warrior_Expert,Expert Warrior Shirts,Top_Worrior_pixel,Armor,Upper,Poor,0,1,50,0,A reinforced battle shirt that provides excellent defense without restricting movement.,6000,FALSE,10,Expert Warrior Shirts
Armor_Shirts_Warrior_Master,Armor_Shirts_Warrior_Master,Master Warrior Shirts,Top_Worrior_pixel,Armor,Upper,Poor,0,1,100,0,A reinforced battle shirt that provides excellent defense without restricting movement.,10000,FALSE,10,Master Warrior Shirts
Armor_Shirts_Hunter,Armor_Shirts_Hunter,Hunter Shirts,Top_Bow_pixel,Armor,Upper,Poor,0,1,10,0,"A lightweight, breathable shirt designed for stealth and long-distance travel.",3000,FALSE,10,Hunter Shirts
Armor_Shirts_Hunter_Expert,Armor_Shirts_Hunter_Expert,Expert Hunter Shirts,Top_Bow_pixel,Armor,Upper,Poor,0,1,50,0,"A lightweight, breathable shirt designed for stealth and long-distance travel.",6000,FALSE,10,Expert Hunter Shirts
Armor_Shirts_Hunter_Master,Armor_Shirts_Hunter_Master,Master Hunter Shirts,Top_Bow_pixel,Armor,Upper,Poor,0,1,100,0,"A lightweight, breathable shirt designed for stealth and long-distance travel.",10000,FALSE,10,Master Hunter Shirts
Armor_Shirts_Mage,Armor_Shirts_Mage,Mage Shirts,Top_Magic_pixel,Armor,Upper,Poor,0,1,10,0,A robe-like shirt enchanted with runes to enhance magical abilities.,3000,FALSE,10,Mage Shirts
Armor_Shirts_Mage_Expert,Armor_Shirts_Mage_Expert,Expert Mage Shirts,Top_Magic_pixel,Armor,Upper,Poor,0,1,50,0,A robe-like shirt enchanted with runes to enhance magical abilities.,6000,FALSE,10,Expert Mage Shirts
Armor_Shirts_Mage_Master,Armor_Shirts_Mage_Master,Master Mage Shirts,Top_Magic_pixel,Armor,Upper,Poor,0,1,100,0,A robe-like shirt enchanted with runes to enhance magical abilities.,10000,FALSE,10,Master Mage Shirts
Armor_Shoes,Armor_Shoes,Shoes,Shoese_Canvas_pixel,Armor,Shoes,Poor,0,1,10,0,Footwear that enhances movement speed and provides protection.,1500,FALSE,10,Shoes
Armor_Shoes_Hunter,Armor_Shoes_Hunter,Hunter Shoes,Shoese_Bow_pixel,Armor,Shoes,Poor,0,1,10,0,"Durable, quiet shoes designed for silent movement and better traction in rough terrain.",2500,FALSE,10,Hunter Shoes
Armor_Shoes_Mage,Armor_Shoes_Mage,Mage Shoes,Shoes_Magic_pixel,Armor,Shoes,Poor,0,1,10,0,"Soft-soled shoes imbued with magic, allowing smooth movement and increased mana flow.",2500,FALSE,10,Mage Shoes
Armor_Shoes_Warrior,Armor_Shoes_Warrior,Warrior Shoes,Shoese_Worrior_pixel,Armor,Shoes,Poor,0,1,10,0,Heavy boots that offer strong protection and stability in combat.,2500,FALSE,10,Warrior Shoes
Consumable_Boost_Q_B,Consumable_Boost_Q_B,Boost Q,Boost_Quality_IMG,Useable,Booster,Poor,0,99999,25,0,A small consumable that temporarily boosts agility and dexterity.,100,FALSE,0,Boost Q
Consumable_Boost_S_B,Consumable_Boost_S_B,Boost S,Boost_Speed_IMG,Useable,Booster,Poor,0,99999,50,0,A small consumable that temporarily boosts strength and power.,100,FALSE,0,Boost S
Consumable_Boost_W_B,Consumable_Boost_W_B,Boost W,Boost_Water_IMG,Useable,Booster,Poor,0,99999,50,0,A small consumable that temporarily boosts intelligence and magic power.,100,FALSE,0,Boost W
Crops_Strawberry,Crops_Strawberry,Strawberry,Strawberry_IMG,resource,Crop,Poor,0,9999,10,0,A sweet red fruit harvested for food and trade.,80,FALSE,0,Strawberry
Crops_Blueberry,Crops_Blueberry,Blueberry,Blueberry_pixel,resource,Crop,Normal,0,9999,10,0,"A small, sweet, and nutritious berry often used in cooking and medicine.",120,FALSE,0,Blueberry
Crops_ChiliPepper,Crops_ChiliPepper,Chili Pepper,peper_pixel,resource,Food,Normal,0,9999,10,0,A spicy fruit used in cooking to add heat and flavor.,180,FALSE,0,Chili Pepper
Crops_Corn,Crops_Corn,Corn,Corn_pixel,resource,Food,Normal,0,9999,10,0,"A tall cereal plant producing edible kernels, commonly used for food and fodder.",400,FALSE,0,Corn
Crops_Eggplant,Crops_Eggplant,Eggplant,Eggplant_pixel,resource,Crop,Normal,0,9999,10,0,A purple vegetable used in various dishes for its rich texture and flavor.,180,FALSE,0,Eggplant
Crops_Garlic,Crops_Garlic,Garlic,Galic_pixel,resource,Crop,Normal,0,9999,10,0,"A pungent bulbous plant used for cooking, medicine, and repelling pests.",120,FALSE,0,Garlic
Crops_Grape,Crops_Grape,Grape,Grapes_pixel,resource,Crop,Normal,0,9999,10,0,"A small, juicy fruit used for eating, making wine, and producing juice.",140,FALSE,0,Grape
Crops_Potato,Crops_Potato,Potato,Potato_Img,resource,Crop,Poor,0,9999,10,0,A starchy vegetable commonly used for cooking.,130,FALSE,0,Potato
Crops_Pumpkin,Crops_Pumpkin,Pumpkin,Pumpkin_pixel,resource,Crop,Normal,0,9999,10,0,"A large, round vegetable often used in cooking, baking, and seasonal decorations.",300,FALSE,0,Pumpkin
Crops_Tomato,Crops_Tomato,Tomato,Tomato,resource,Crop,Poor,0,9999,10,0,A starchy vegetable commonly used for cooking.,130,FALSE,0,Tomato
Crops_Letus,Crops_Letus,Letus,Letus_pixel,resource,Crop,Poor,0,9999,10,0,A starchy vegetable commonly used for cooking.,130,FALSE,0,Letus
Crops_Wheat,Crops_Wheat,Wheat,Wheat,resource,Crop,Poor,0,9999,10,0,A starchy vegetable commonly used for cooking.,130,FALSE,0,Wheat
Crops_Rose,Crops_Rose,Rose,Rose_pixel,resource,Crop,Normal,0,9999,10,0,A fragrant flowering plant valued for its beauty and use in perfumes and gifts.,350,FALSE,0,Rose
Crops_Sunflower,Crops_Sunflower,Sunflower,SumFlower_pixel,resource,Crop,Normal,0,9999,10,0,"A tall plant with large yellow flowers, known for producing edible seeds and oil.",400,FALSE,0,Sunflower
Crops_Tulip,Crops_Tulip,Tulip,Tulip_pixel,resource,Crop,Normal,0,9999,10,0,A brightly colored flowering plant often grown for decoration or gifting.,380,FALSE,0,Tulip
Mushroom_White,Mushroom_White,White Mushroom,Mushroom_Blue_pixel,resource,Mushroom,Poor,0,9999,10,0,"A type of fungi that can be used as food, medicine, or potion ingredients.",150,FALSE,0,White Mushroom
Mushroom_Brown,Mushroom_Brown,Brown Mushroom,Mushroom_Brown_pixel,resource,Mushroom,Poor,0,9999,10,0,"A type of fungi that can be used as food, medicine, or potion ingredients.",150,FALSE,0,Brown Mushroom
Mushroom_Red,Mushroom_Red,Red Mushroom,Mushroom_Red_pixel,resource,Mushroom,Poor,0,9999,10,0,"A type of fungi that can be used as food, medicine, or potion ingredients.",150,FALSE,0,Red Mushroom
Herb_Green,Herb_Green,Green Herb,Herb_IMG,Useable,Herb,Poor,0,9999,0,0,A medicinal plant used for healing and potion-making.,170,FALSE,0,Green Herb
Herb_Blue,Herb_Blue,Blue Herb,Herb_Blue_pixel,Useable,Herb,Poor,0,9999,0,0,A medicinal plant used for healing and potion-making.,170,FALSE,0,Blue Herb
Herb_Red,Herb_Red,Red Herb,Herb_Red_pixel,Useable,Herb,Poor,0,9999,0,0,A medicinal plant used for healing and potion-making.,170,FALSE,0,Red Herb
Itembag,Itembag,Item Bag,ItemImage,Quest,Quest,Poor,0,9999,0,0,Simple Pickup Item Bag. If you have in your Inventory. Congratulations.You have Bug Item..,0,FALSE,0,Item Bag
Itembags,Itembags,Item Bags,Chest,Quest,Quest,Poor,0,9999,0,0,Simple Container. If you have in your Inventory. Congratulations.You have Bug Item..,0,FALSE,0,Item Bags
Key_GolfCart,Key_GolfCart,Golf Cart Key,Key,Useable,Ridding,Normal,0,9999,700,0,A key used to operate a golf cart for transportation.,10000,TRUE,0,Golf Cart Key
Material_Coal,Material_Coal,Coal,Coal_Img,resource,Ore,Poor,0,9999,0,0,A black mineral resource used as fuel for furnaces.,350,FALSE,0,Coal
Material_Ore_Stone,Material_Ore_Stone,Stone Ore,Stone_IMG,resource,Ore,Poor,0,9999,0,0,"A raw mineral extracted from rocks, used in crafting and forging.",100,FALSE,0,Stone Ore
Material_Ore_Copper,Material_Ore_Copper,Copper Ore,Copper_IMG,resource,Ore,Poor,0,9999,0,0,A raw mineral used to extract gold for crafting.,500,FALSE,0,Copper Ore
Material_Ore_Iron,Material_Ore_Iron,Iron Ore,Iron_IMG,resource,Ore,Poor,0,9999,0,0,A raw mineral used to extract gold for crafting.,800,FALSE,0,Iron Ore
Material_Ore_Gold,Material_Ore_Gold,Gold Ore,Gold_Ore_IMG,resource,Ore,Poor,0,9999,0,0,A raw mineral used to extract gold for crafting.,1000,FALSE,0,Gold Ore
Material_Ingot_Stone,Material_Ingot_Stone,Stone Ingot,ingot_img,resource,Ingot,Poor,0,9999,0,0,A refined metal bar made from stone-based ores.,500,FALSE,0,Stone Ingot
Material_Ingot_Copper,Material_Ingot_Copper,Copper Ingot,ingot_img_-_Copper,resource,Ingot,Poor,0,9999,0,0,A refined metal bar made from gold ore.,1000,FALSE,0,Copper Ingot
Material_Ingot_Iron,Material_Ingot_Iron,Iron Ingot,ingot_img_-_Iron,resource,Ingot,Poor,0,9999,0,0,A refined metal bar made from gold ore.,1500,FALSE,0,Iron Ingot
Material_Ingot_Gold,Material_Ingot_Gold,Gold Ingot,Gold_Ingot,resource,Ingot,Poor,0,9999,0,0,A refined metal bar made from gold ore.,2000,FALSE,0,Gold Ingot
Material_Coin_Gold,Material_Coin_Gold,Coin,Coin,resource,Coin,Poor,0,9999999,0,0,A gold coin.,100,FALSE,0,Coin
Material_Nail,Material_Nail,Nail,Matarial_Nail_pixel,resource,Ingredient,Poor,0,9999,0,0,A small metal fastener used in construction and crafting.,100,FALSE,0,Nail
Material_Feather,Material_Feather,Feather,Feather,resource,Ingredient,Poor,0,9999,0,0,"A durable material obtained from animals, used for crafting armor, bags, and accessories.",700,FALSE,0,Feather
Material_Leather,Material_Leather,Leather,Matarial_Leather_pixel,resource,Ingredient,Poor,0,9999,0,0,"A durable material obtained from animals, used for crafting armor, bags, and accessories.",700,FALSE,0,Leather
Material_Cloth,Material_Cloth,Cloth,Cloth_pixel,resource,Ingredient,Poor,0,9999,0,0,"A basic material used for crafting clothing, bandages, or other fabric-based items.",350,FALSE,0,Cloth
Material_Paper,Material_Paper,Paper,Paper_pixel,resource,Ingredient,Poor,0,9999,0,0,"A thin material made from wood pulp, used for writing, crafting, or scroll-making.",100,FALSE,0,Paper
Material_Ink,Material_Ink,Ink,Ink_pixel,resource,Ingredient,Poor,0,9999,0,0,"A liquid used for writing, drawing, or magical inscriptions.",100,FALSE,0,Ink
Material_Salt,Material_Salt,Salt,Salt_pixel,resource,Ingredient,Normal,0,9999,0,0,"A common mineral used for cooking, preservation, or alchemical processes.",10,FALSE,0,Salt
Material_Sugar,Material_Sugar,Sugar,Sugar_pixel,resource,Ingredient,Normal,0,9999,0,0,"A sweet substance used in cooking, potion-making, or as an energy booster.",50,FALSE,0,Sugar
Material_Pepper,Material_Pepper,Pepper,Paper_pixel,resource,Ingredient,Normal,0,9999,0,0,A spicy seasoning used in cooking to enhance flavor.,50,FALSE,0,Pepper
Material_Wood,Material_Wood,Wood,Wood_Hard_IMG,resource,Wood,Poor,0,9999,0,0,A natural resource used for crafting and construction.,100,FALSE,0,Wood
Material_Wood_Hard,Material_Wood_Hard,Hardwood,Wood_Week,resource,Wood,Poor,0,9999,0,0,A stronger type of wood used for durable constructions.,300,FALSE,0,Hardwood
Material_Wood_Condensed,Material_Wood_Condensed,Condensed wood,Wood_IMG,resource,Wood,Poor,0,9999,0,0,A condencsed wood.,300,FALSE,0,Condensed wood
Material_Wood_Winter,Material_Wood_Winter,Winter Wood,Wood_Winter,resource,Wood,Poor,0,9999,0,0,A winter natural resource used for construction.,10,FALSE,0,Winter Wood
Material_Essence_Tulip,Material_Essence_Tulip,Tulip Essence,Material_Extract_Tulipe_pixel,resource,Ingredient,Normal,0,9999,0,0,It is an essence extracted from flowers.,10,FALSE,0,Tulip Essence
Material_Essence_Rose,Material_Essence_Rose,Rose Essence,Material_Extract_Rose_pixel,resource,Ingredient,Normal,0,9999,0,0,It is an essence extracted from flowers.,10,FALSE,0,Rose Essence
Material_Essence_Sunflower,Material_Essence_Sunflower,Sunflower Essence,Material_Extract_Sunflower_pixel,resource,Ingredient,Normal,0,9999,0,0,It is an essence extracted from flowers.,10,FALSE,0,Sunflower Essence
Material_Thread,Material_Thread,Thread,threed_pixel,resource,Ingredient,Poor,0,9999,0,0,"A basic crafting material spun from fiber.Used to create fabric, clothing, or light accessories.",700,FALSE,0,Thread
Material_Flour,Material_Flour,Flour,Salt_pixel,resource,Ingredient,Normal,0,9999,0,0,"A common mineral used for cooking, preservation, or alchemical processes.",10,FALSE,0,Flour
Material_RawMeat,Material_RawMeat,Raw Meat,RawMeat,resource,Ingredient,Poor,0,9999,0,0,Freshly cut meat from a hunted animal.Can be cooked or used as an ingredient in various recipes.,700,FALSE,0,Raw Meat
Material_Gem_Diamond,Material_Gem_Diamond,Diamond,Gem_Diamond_img,resource,Gem,Poor,0,9999,0,0,It is a White gem.,10000,FALSE,0,Diamond
Material_Gem_BlackDiamond,Material_Gem_BlackDiamond,Black Diamond,Gem_BlackDiamond_img,resource,Gem,Poor,0,9999,0,0,It is a Black gem.,10000,FALSE,0,Black Diamond
Material_Gem_Amethyst,Material_Gem_Amethyst,Amethyst,Gem_Amethyst_img,resource,Gem,Poor,0,9999,0,0,It is a Purple gem.,9000,FALSE,0,Amethyst
Material_Gem_Aquamarine,Material_Gem_Aquamarine,Aquamarine,Gem_Aquamarine_img,resource,Gem,Poor,0,9999,0,0,It is a Blue gem.,8000,FALSE,0,Aquamarine
Material_Gem_Emerald,Material_Gem_Emerald,Emerald,Gem_Emerald_img,resource,Gem,Poor,0,9999,0,0,It is a Green gem.,7000,FALSE,0,Emerald
Material_Gem_Topaz,Material_Gem_Topaz,Topaz,Gem_Topaz_img,resource,Gem,Poor,0,9999,0,0,It is a yellow gem.,6000,FALSE,0,Topaz
Material_Gem_Ruby,Material_Gem_Ruby,Ruby,Gem_Ruby_img,resource,Gem,Poor,0,9999,0,0,It is a Red gem.,5000,FALSE,0,Ruby
Material_Relic,Material_Relic,Ancient Relics,Relics_img,resource,Relic,Poor,0,9999,0,0,Ancient relics sometimes found while mining,5000,FALSE,0,Ancient Relics
Material_Relic_STR,Material_Relic_STR,Power Relics,Relics_STr_img,Useable,Relic,Poor,0,9999,0,0,Ancient relics sometimes found while mining,5000,FALSE,0,Power Relics
Material_Relic_DEX,Material_Relic_DEX,Agility Relics,Relics_Dex_img,Useable,Relic,Poor,0,9999,0,0,Ancient relics sometimes found while mining,5000,FALSE,0,Agility Relics
Material_Relic_INT,Material_Relic_INT,Intelligence Relics,Relics_INT_img,Useable,Relic,Poor,0,9999,0,0,Ancient relics sometimes found while mining,5000,FALSE,0,Intelligence Relics
Material_Relic_LUK,Material_Relic_LUK,Luck Relics,Relics_Luck_img,Useable,Relic,Poor,0,9999,0,0,Ancient relics sometimes found while mining,5000,FALSE,0,Luck Relics
Material_Book,Material_Book,Book,Book_pixel,Useable,Book,Poor,0,1,0,0,Enemy get Damage by Physical,100,TRUE,0,Book
Material_Paint,Material_Paint,Paint,Paint,Useable,Paint,Poor,0,1,0,0,Paint that you draw,100,TRUE,0,Paint
Material_SheetMusic,Material_SheetMusic,Sheet Music,SheetMusic,resource,Sheet Music,Poor,0,1,0,0,You can play it using your instrument playing skills.,800,FALSE,0,Sheet Music
Seed_Strawberry,Seed_Strawberry,Strawberry Seed,Seed_Strawberry_IMG,Useable,Seed,Poor,0,9999,10,0,A seed used to grow strawberry plants.Grows during spring and takes 8 days to mature.Can be harvested repeatedly after the first harvest.,40,FALSE,0,Strawberry Seed
Seed_Garlic,Seed_Garlic,Garlic Seed,Seed_Galic_pixel,Useable,Seed,Poor,0,1,10,0,A seed used to grow galic crops. Grows during spring and takes 4 days to mature.,80,FALSE,0,Garlic Seed
Seed_Potato,Seed_Potato,Potato Seed,Seed_Potato_IMG,Useable,Seed,Poor,0,99999,10,0,A seed used to grow potato plants. It grows during the spring season and takes 14 days.,75,FALSE,0,Potato Seed
Seed_Letus,Seed_Letus,Letus Seed,Seed_Letus_IMG,Useable,Seed,Poor,0,99999,10,0,A seed used to grow Letus plants. Grows during spring and takes 10 days to mature. Can be harvested repeatedly after the first harvest.,75,FALSE,0,Letus Seed
Seed_Tulip,Seed_Tulip,Tulip Seed,Seed_Tulip_pixel,Useable,Seed,Poor,0,1,10,0,A seed used to grow tulip flowers. Grows during spring and takes 10 days to mature.,150,FALSE,0,Tulip Seed
Seed_Blueberry,Seed_Blueberry,Blueberry Seed,Seed_Blueberry_pixel,Useable,Seed,Poor,0,1,10,0,A seed used to grow blueberry bushes. Grows during summer and takes 14 days to mature. Can be harvested repeatedly after the first harvest.,40,FALSE,0,Blueberry Seed
Seed_ChilliPepper,Seed_ChilliPepper,Chili Pepper Seed,Seed_Chili_pixel,Useable,Seed,Poor,0,1,10,0,A seed used to grow chili pepper plants. Grows during summer and takes 7 days to mature.,80,FALSE,0,Chili Pepper Seed
Seed_Corn,Seed_Corn,Corn Seed,Seed_Corn_pixel,Useable,Seed,Poor,0,1,10,0,A seed used to grow corn crops. Grows during summer and takes 14 days to mature.,120,FALSE,0,Corn Seed
Seed_Sunflower,Seed_Sunflower,Sunflower Seed,Seed_Sunflower_pixel,Useable,Seed,Poor,0,1,10,0,A seed used to grow sunflower plants. Grows during summer and takes 10 days to mature.,150,FALSE,0,Sunflower Seed
Seed_Tomato,Seed_Tomato,Tomato Seed,Seed_Tomato_pixel,Useable,Seed,Poor,0,99999,10,0,A seed used to grow Tomato plants. Grows during summer and takes 10 days to mature. Can be harvested repeatedly after the first harvest.,75,FALSE,0,Tomato Seed
Seed_Grape,Seed_Grape,Grape Seed,Seed_Grape_pixel,Useable,Seed,Poor,0,1,10,0,A seed used to grow grapevines. Grows during fall and takes 9 days to mature. Can be harvested repeatedly after the first harvest.,40,FALSE,0,Grape Seed
Seed_Eggplant,Seed_Eggplant,Eggplant Seed,Seed_EggPlant_pixel,Useable,Seed,Poor,0,1,10,0,A seed used to grow eggplant crops. Grows during fall and takes 7 days to mature.,80,FALSE,0,Eggplant Seed
Seed_Pumpkin,Seed_Pumpkin,Pumpkin Seed,Seed_Pumpkin_pixel,Useable,Seed,Poor,0,1,10,0,A seed used to grow pumpkin plants. Grows during fall and takes 14 days to mature.,120,FALSE,0,Pumpkin Seed
Seed_Rose,Seed_Rose,Rose Seed,Seed_Rose_pixel,Useable,Seed,Poor,0,1,10,0,A seed used to grow rose flowers. Grows during fall and takes 10 days to mature.,150,FALSE,0,Rose Seed
Seed_Wheat,Seed_Wheat,Wheat Seed,Seed_wheat_IMG,Useable,Seed,Poor,0,99999,10,0,A seed used to grow Wheat plants. Grows during fall and takes 10 days to mature. Can be harvested repeatedly after the first harvest.,75,FALSE,0,Wheat Seed
Seed_Coffee,Seed_Coffee,Coffee Seed,Seed_Coffee,Useable,Seed,Poor,0,1,10,0,A raw coffee bean harvested from tropical shrubs.Can be roasted and ground to brew energizing coffee. Grows during all season and takes 10 days to mature.Can be harvested repeatedly after the first harvest.,150,FALSE,0,Coffee Seed
Structure_Bed,Structure_Bed,Bed,Bed_IMG,Build,Building,Poor,0,9999,10,0,A furniture piece used for sleeping and resting.,5000,TRUE,0,Bed
Structure_Container,Structure_Container,Container,System_Box_pixel,Build,Building,Poor,0,9999,10,0,A heating device used for smelting ores into ingots.,1000,TRUE,0,Container
Structure_Chicken_Nest,Structure_Chicken_Nest,Chicken Nest,Chicken_Nest_IMG,Build,Building,Poor,0,9999,0,0,A structure where chickens lay eggs and rest.,3000,TRUE,0,Chicken Nest
Structure_CowHouse,Structure_CowHouse,Cowshed,AnimalCage,Build,Building,Normal,0,9999,0,0,"A shelter or barn where cows are kept, providing protection and a place for milking or resting.",5000,TRUE,0,Cowshed
Structure_Beehive,Structure_Beehive,Beehive,BeeHouse,Useable,Food,Normal,0,9999,10,0,"A specialized container or structure used for housing and managing bee colonies, providing a safe environment for honey production and pollination.",8000,TRUE,0,Beehive
Structure_Furnace,Structure_Furnace,Furnace,Furnace_IMg,Build,Building,Poor,0,9999,10,0,A heating device used for smelting ores into ingots.,5000,TRUE,0,Furnace
Structure_Keg,Structure_Keg,Keg,Keg_IMG,Build,Building,Poor,0,9999,10,0,A barrel used for fermenting beverages like wine or beer.,5000,TRUE,0,Keg
Structure_Dehydrator,Structure_Dehydrator,Dehydrator,Sturcture_Dihydred,Build,Building,Poor,0,9999,10,0,"A machine that dries crops and ingredients, preserving them for longer use.",8000,TRUE,0,Dehydrator
Structure_OilExtractor,Structure_OilExtractor,Oil Extractor,Structure_Oil_pixel,Build,Building,Poor,0,9999,10,0,Produces oil from various ingredients.,9000,TRUE,0,Oil Extractor
Structure_PreservesJar,Structure_PreservesJar,Preserves Jar,Structure_Jar_pixel,Build,Building,Poor,0,9999,10,0,"A container used to pickle crops, turning them into preserved foods.",10000,TRUE,0,Preserves Jar
Structure_Sprinkler,Structure_Sprinkler,Sprinkler,Sprinkler_IMG,Build,Building,Poor,0,9999,10,0,An automatic watering device used for irrigating multiple crops.,1000,TRUE,0,Sprinkler
Structure_Wall,Structure_Wall,Wall,Wall_PNG,Build,Wall,Poor,0,9999,10,0,A solid structure used for defense or building enclosures.,100,TRUE,0,Wall
Structure_Candle,Structure_Candle,Candle Stand,Structure_Candle_pixel,Build,Wall,Poor,0,9999,10,0,A small holder with a flickering candle. Adds warmth and a vintage touch.,100,TRUE,0,Candle Stand
Structure_Floor,Structure_Floor,Wall,Floor_IMG,Build,Wall,Poor,0,9999,10,0,A solid structure used for defense or building enclosures.,100,TRUE,0,Wall
Structure_StandLamp,Structure_StandLamp,Stand Lamp,Structure_StandLamp_pixel,Build,Wall,Poor,0,9999,10,0,A tall floor lamp that softly lights up the corner of a room.,100,TRUE,0,Stand Lamp
Structure_Cabinet,Structure_Cabinet,Cabinet,Structure_Cabinet_pixel,Build,Wall,Poor,0,9999,10,0,A compact cabinet with a smooth door. Handy for storing small items.,100,TRUE,0,Cabinet
Structure_BookShelf,Structure_BookShelf,Bookshelf,Structure_BookShelf_pixel,Build,Wall,Poor,0,9999,10,0,A sturdy wooden shelf filled with colorful books. A must-have for any cozy room.,100,TRUE,0,Bookshelf
Structure_Desk,Structure_Desk,Desk,Structure_Desk_pixel,Build,Wall,Poor,0,9999,10,0,A simple yet practical wooden desk with drawers for tools or notes.,100,TRUE,0,Desk
Structure_Campfire,Structure_Campfire,Campfire Kit,Structure_Campfire_pixel,Useable,Campfire,Poor,0,9999,10,0,"A cozy outdoor fire that provides warmth, light, and a place to cook under the stars.",100,TRUE,0,Campfire Kit
Structure_Fireplace,Structure_Fireplace,Fireplace,Structure_Fireplace_pixel,Build,Wall,Poor,0,9999,10,0,A classic indoor hearth that fills the room with warmth and comfort. Perfect for cold nights.,100,TRUE,0,Fireplace
Structure_Rug,Structure_Rug,Rug,Structure_Rug_pixel,Build,Wall,Poor,0,9999,10,0,A soft rug that brings warmth and texture to any floor it touches.,100,TRUE,0,Rug
Structure_Chair,Structure_Chair,Stool,Structure_Chair_pixel,Build,Wall,Poor,0,9999,10,0,"A solid wooden chair. It’s not the most comfortable, but it gets the job done.",100,TRUE,0,Stool
Structure_DeskLamp,Structure_DeskLamp,Desk Lamp,Structure_DeskLamp_pixel,Build,Wall,Poor,0,9999,10,0,A small but focused light source—perfect for late-night writing.,100,TRUE,0,Desk Lamp
Tool_Axe,Tool_Axe,Axe,Axe,Weapon,Axe,Poor,0,1,10,0,A tool used for cutting down trees and chopping wood.,1000,FALSE,0,Axe
Tool_Pickaxe,Tool_Pickaxe,Pickaxe,Pickaxe,Weapon,Pickaxe,Poor,0,1,10,0,A tool used for mining rocks and extracting ores.,1000,FALSE,0,Pickaxe
Tool_Shovel,Tool_Shovel,Shovel,shavel,Weapon,Shovel,Poor,0,1,10,0,A tool used for digging soil and unearthing buried items.,2000,FALSE,0,Shovel
Tool_Scythe,Tool_Scythe,Scythe,Side,Weapon,Scythe,Poor,0,1,10,0,A structural element that forms the edge of a building or area.,1000,FALSE,0,Scythe
Tool_WateringCan,Tool_WateringCan,Watering Can,WateringCan,Weapon,Watering,Poor,0,1,10,0,A tool used to water crops and keep them hydrated.,1000,FALSE,0,Watering Can
Tool_AED,Tool_AED,Automated External Defibrillator,System_HP_IMG_pixel,resource,Tool,Poor,0,1,10,0,"At the moment of death, you get one more chance.",1000,FALSE,0,Automated External Defibrillator
Tool_FishingRod,Tool_FishingRod,Fishing Rod,fishing,Weapon,Fishing,Poor,0,1,10,0,A tool used for catching fish from bodies of water.,1000,FALSE,0,Fishing Rod
Tool_Guitar_Acoustic,Tool_Guitar_Acoustic,Acoustic Guitar,Guitar_pixel,Weapon,Guitar,Poor,0,1,10,0,An acoustic guitar,1500,FALSE,0,Acoustic Guitar
Tool_Guitar_Electic,Tool_Guitar_Electic,Electic Guitar,Tool_Guitar_Electic_pixel,Weapon,Guitar,Poor,0,1,10,0,An electic guitar,1500,FALSE,0,Electic Guitar
Weapon_Sword,Weapon_Sword,Sword,Sword,Weapon,Sword,Poor,0,1,10,0,A melee weapon used for close-range combat and dealing damage.,2000,FALSE,10,Sword
Weapon_Sword_Expert,Weapon_Sword_Expert,Expert Sword,Sword,Weapon,Sword,Poor,0,1,50,0,A melee weapon used for close-range combat and dealing damage.,5000,FALSE,10,Expert Sword
Weapon_Sword_Master,Weapon_Sword_Master,Master Sword,Sword,Weapon,Sword,Poor,0,1,100,0,A melee weapon used for close-range combat and dealing damage.,10000,FALSE,10,Master Sword
Weapon_Bow,Weapon_Bow,Bow,Bow,Weapon,Bow,Poor,0,1,10,0,A ranged weapon used to shoot arrows at enemies from a distance.,2000,FALSE,10,Bow
Weapon_Bow_Expert,Weapon_Bow_Expert,Expert Bow,Bow,Weapon,Bow,Poor,0,1,50,0,A ranged weapon used to shoot arrows at enemies from a distance.,8000,FALSE,10,Expert Bow
Weapon_Bow_Master,Weapon_Bow_Master,Master Bow,Bow,Weapon,Bow,Poor,0,1,100,0,A ranged weapon used to shoot arrows at enemies from a distance.,10000,FALSE,10,Master Bow
Weapon_Gun,Weapon_Gun,Gun,Gun,Weapon,Gun,Poor,0,1,10,0,"A firearm used for ranged combat, dealing high damage.",2000,FALSE,10,Gun
Weapon_Gun_Expert,Weapon_Gun_Expert,Expert Gun,Gun,Weapon,Gun,Poor,0,1,50,0,"A firearm used for ranged combat, dealing high damage.",5000,FALSE,10,Expert Gun
Weapon_Gun_Master,Weapon_Gun_Master,Master Gun,Gun,Weapon,Gun,Poor,0,1,100,0,"A firearm used for ranged combat, dealing high damage.",10000,FALSE,10,Master Gun
Weapon_Orb,Weapon_Orb,Orb,Orb,Weapon,Orb,Poor,0,1,10,0,A magical sphere used for casting spells or enhancing abilities.,4000,FALSE,10,Orb
Weapon_Orb_Expert,Weapon_Orb_Expert,Expert Orb,Orb,Weapon,Orb,Poor,0,1,50,0,A magical sphere used for casting spells or enhancing abilities.,5000,FALSE,10,Expert Orb
Weapon_Orb_Master,Weapon_Orb_Master,Master Orb,Orb,Weapon,Orb,Poor,0,1,100,0,A magical sphere used for casting spells or enhancing abilities.,10000,FALSE,10,Master Orb
Weapon_Shield,Weapon_Shield,Shield,Shield,Weapon,Shield,Poor,0,1,10,0,A defensive piece of equipment used to block attacks.,1500,FALSE,10,Shield
Fish_WaterLilySalmon,Fish_WaterLilySalmon,Water Lily Salmon,Water_Lily_Salmon_pixel,resource,Fish,Poor,0,9999,10,0,A graceful salmon seen near calm ponds across all seasons.,150,FALSE,0,Water Lily Salmon
Fish_StoneSeaBass,Fish_StoneSeaBass,Stone Sea Bass,Stone_Sea_Bass_pixel,resource,Fish,Poor,0,9999,10,0,"A tough sea bass lurking among rocky shores, year-round.",150,FALSE,0,Stone Sea Bass
Fish_CherryBlossomCarp,Fish_CherryBlossomCarp,Cherry Blossom Carp,_Cherry_Blossom_Carp_pixel,resource,Fish,Poor,0,9999,10,0,A beautiful carp that swims gracefully beneath falling blossoms.,150,FALSE,0,Cherry Blossom Carp
Fish_SpringlightTrout,Fish_SpringlightTrout,Springlight Trout,Springlight_Trout_pixel,resource,Fish,Poor,0,9999,10,0,A small trout shimmering with the soft glow of spring waters.,150,FALSE,0,Springlight Trout
Fish_SummerCod,Fish_SummerCod,Summer Cod,Summer_Cod_pixel,resource,Fish,Poor,0,9999,10,0,A hearty fish thriving in the warm currents of summer.,150,FALSE,0,Summer Cod
Fish_TurquoiseSnapper,Fish_TurquoiseSnapper,Turquoise Snapper\t,_Turquoise_Snapper_pixel,resource,Fish,Poor,0,9999,10,0,A vibrant blue-green snapper found near sunlit reefs.,150,FALSE,0,Turquoise Snapper\t
Fish_CrimsonBass,Fish_CrimsonBass,Crimson Bass,Crimson_Bass_pixel,resource,Fish,Poor,0,9999,10,0,"A bass known for its fiery red back, a symbol of autumn\'s flame.",150,FALSE,0,Crimson Bass
Fish_AutumnCatfish,Fish_AutumnCatfish,Autumn Catfish,_Autumn_Catfish_pixel,resource,Fish,Poor,0,9999,10,0,A plump catfish hiding under fallen leaves in cool rivers.,150,FALSE,0,Autumn Catfish
Fish_IcefinTrout,Fish_IcefinTrout,Icefin Trout,Icefin_Trout_pixel,resource,Fish,Poor,0,9999,10,0,A resilient trout that glides under frozen river surfaces.,150,FALSE,0,Icefin Trout
Fish_SilverCod,Fish_SilverCod,Silver Cod,Silver_Cod_pixel,resource,Fish,Poor,0,9999,10,0,A rare cod whose shimmering scales blend with winter snows.,150,FALSE,0,Silver Cod
Drink_Milk,Drink_Milk,Milk,Milk_pixel,resource,Drink,Normal,0,9999,10,0,"A nutritious liquid produced by cows, commonly used for drinking, cooking, and crafting dairy products such as cheese and butter.",700,FALSE,0,Milk
Drink_Coffee,Drink_Coffee,Coffee,Coffee_pixel,Useable,Drink,Poor,0,9999,10,0,"A brewed beverage made from roasted coffee beans, often used to restore energy or provide buffs.",300,FALSE,0,Coffee
Drink_Cocktail,Drink_Cocktail,Cocktail,Cocktail_pixel,Useable,Drink,Poor,0,9999,10,0,"A mixed alcoholic drink with various ingredients, sometimes used for special buffs or social interactions.",800,FALSE,0,Cocktail
Drink_HoneyTea,Drink_HoneyTea,Honey Tea,HoneyTea_pixel,Useable,Drink,Normal,0,9999,10,0,"A warm beverage made by mixing honey with hot water or tea, known for its soothing and health-boosting properties.",500,FALSE,0,Honey Tea
Drink_Honey,Drink_Honey,Honey,Honey_pixel,resource,Drink,Normal,0,9999,10,0,"A natural sweetener made by bees, often used for cooking, healing, or potion-making.",150,FALSE,0,Honey
Drink_Wine,Drink_Wine,Wine,Wine_IMG_pixel,resource,Drink,Poor,0,9999,10,0,An alcoholic beverage made from fermented fruits.,1200,FALSE,0,Wine
Drink_Wine_Blueberry,Drink_Wine_Blueberry,Blueberry wine,Drink_Wine_BlueBerry_pixel,resource,Drink,Poor,0,9999,10,0,An alcoholic beverage made from fermented fruits.,1200,FALSE,0,Blueberry wine
Drink_Wine_Strawberry,Drink_Wine_Strawberry,Strawberry wine,Drink_Wine_Strawbery_pixel,resource,Drink,Poor,0,9999,10,0,An alcoholic beverage made from fermented fruits.,1200,FALSE,0,Strawberry wine
Drink_Wine_Grape,Drink_Wine_Grape,Grape wine,Drink_Wine_Grape_pixel,resource,Drink,Poor,0,9999,10,0,An alcoholic beverage made from fermented fruits.,1200,FALSE,0,Grape wine
Drink_Extract_Garlic,Drink_Extract_Garlic,Garlic Extract,Drink_Extract_Galic_pixel,resource,Drink,Poor,0,9999,10,0,A pungent extract packed with the sharp flavor of garlic.,1200,FALSE,0,Garlic Extract
Drink_Liquor_Potato,Drink_Liquor_Potato,Potato Liquor,Drink_liquor_Potato_pixel,resource,Drink,Poor,0,9999,10,0,A strong spirit distilled from earthy potatoes.,1200,FALSE,0,Potato Liquor
Drink_Oil_Chili,Drink_Oil_Chili,Chili Oil,Drink_Oil_Chili_pixel,resource,Product,Poor,0,9999,10,0,Spicy oil infused with fiery chili peppers.,1200,FALSE,0,Chili Oil
Drink_Whiskey_Corn,Drink_Whiskey_Corn,Corn Whiskey,Drink_Whiskey_Corn_pixel,resource,Product,Poor,0,9999,10,0,A smooth whiskey distilled from golden corn.,1200,FALSE,0,Corn Whiskey
Drink_Concentrate_Eggplant,Drink_Concentrate_Eggplant,Eggplant Concentrate,Drink_Concentrate_Eggplant_pixel,resource,Product,Poor,0,9999,10,0,An alcoholic beverage made from fermented fruits.,1200,FALSE,0,Eggplant Concentrate
Drink_Ale_Pumpkin,Drink_Ale_Pumpkin,Pumpkin Ale,Drink_Ale_Pumpkin_pixel,Useable,Product,Poor,0,9999,10,0,"A smooth ale with a mellow pumpkin flavor, perfect for autumn.",1200,FALSE,0,Pumpkin Ale
Drink_BlueberryJuice,Drink_BlueberryJuice,Blueberry Juice,Drink_BlueberryJuice_pixel,Useable,Drink,Normal,0,9999,10,0,"A natural sweetener made by bees, often used for cooking, healing, or potion-making.",150,FALSE,0,Blueberry Juice
Drink_StrawberryJuice,Drink_StrawberryJuice,Strawberry Juice,Drink_StrawberryJuice_pixel,Useable,Drink,Normal,0,9999,10,0,"A natural sweetener made by bees, often used for cooking, healing, or potion-making.",150,FALSE,0,Strawberry Juice
Drink_GrapeSoda,Drink_GrapeSoda,Grape Soda,Drink_GrapeSoda_pixel,Useable,Drink,Normal,0,9999,10,0,"A natural sweetener made by bees, often used for cooking, healing, or potion-making.",150,FALSE,0,Grape Soda
Drink_PSL,Drink_PSL,Pumpkin Spicy Latte,Drink_PSL_pixel,Useable,Drink,Normal,0,9999,10,0,"A natural sweetener made by bees, often used for cooking, healing, or potion-making.",150,FALSE,0,Pumpkin Spicy Latte
Drink_Sunset,Drink_Sunset,Sunset,Drink_Sunrise_pixel,Useable,Drink,Normal,0,9999,10,0,"A natural sweetener made by bees, often used for cooking, healing, or potion-making.",150,FALSE,0,Sunset
Drink_ChiliSauce,Drink_ChiliSauce,Chili Sauce,Drink_Chilisauce_pixel,resource,Drink,Normal,0,9999,10,0,"A natural sweetener made by bees, often used for cooking, healing, or potion-making.",150,FALSE,0,Chili Sauce
Drink_Latte,Drink_Latte,Latte,Drink_Latte_pixel,Useable,Drink,Normal,0,9999,10,0,"A natural sweetener made by bees, often used for cooking, healing, or potion-making.",150,FALSE,0,Latte
Drink_Sauce_Tomato,Drink_Wine_Strawberry,Strawberry wine,TomatoSauce,resource,Drink,Poor,0,9999,10,0,An alcoholic beverage made from fermented fruits.,1200,FALSE,0,Strawberry wine
Drink_TomatoJuice,Drink_TomatoJuice,Tomato Juice,TomatoJuice,Useable,Drink,Normal,0,9999,10,0,A refreshing drink made from ripe tomatoes. Restores energy.,150,FALSE,0,Tomato Juice
Food_Animal_Food,Food_Animal_Food,Animal Food,Animal_Food_IMG,Useable,Animal food,Poor,0,9999,10,0,A type of feed used to nourish livestock and farm animals.,150,FALSE,0,Animal Food
Food_Egg,Food_Egg,Egg,Egg_IMG,resource,Ingredient,Poor,0,9999,10,0,A raw egg used for cooking or hatching.,120,FALSE,0,Egg
Food_FriedEgg,Food_FriedEgg,Fried Egg,FiredEgg_IMG_pixel,Useable,Food,Normal,0,9999,10,0,"A fried dish made from eggs, providing nourishment.",200,FALSE,0,Fried Egg
Food_RoastedChicken,Food_RoastedChicken,Roasted Chicken,Roast_Chicken_IMG_pixel,Useable,Food,Normal,0,9999,10,0,A roasted poultry dish that restores health and stamina.,700,FALSE,0,Roasted Chicken
Food_Jelly_Strawberry,Food_Jelly_Strawberry,Strawberry Jelly,Food_Jelly_Strawberry_pixel,Useable,Food,Normal,0,9999,10,0,Fruit jelly. Fruit is preserved in a jar. It has a sweet smell.,150,FALSE,0,Strawberry Jelly
Food_Jelly_Blueberry,Food_Jelly_Blueberry,Blueberry Jelly,Food_Jelly_Blueberry_pixel,resource,Food,Normal,0,9999,10,0,Fruit jelly. Fruit is preserved in a jar. It has a sweet smell.,150,FALSE,0,Blueberry Jelly
Food_Jelly_Grape,Food_Jelly_Grape,Strawberry Jelly,Food_Jelly_Grape_pixel,resource,Food,Normal,0,9999,10,0,Fruit jelly. Fruit is preserved in a jar. It has a sweet smell.,150,FALSE,0,Strawberry Jelly
Food_Pickle_Garlic,Food_Pickle_Garlic,Pickled Garlic,Food_Pickle_Galic_pixel,resource,Food,Normal,0,9999,10,0,Crisp and tangy garlic preserved in brine.,150,FALSE,0,Pickled Garlic
Food_Pickle_Potato,Food_Pickle_Potato,Pickled Potato,Food_Pickle_Potato_pixel,resource,Food,Normal,0,9999,10,0,A hearty pickled potato with a firm texture.,150,FALSE,0,Pickled Potato
Food_Pickle_ChiliPepper,Food_Pickle_ChiliPepper,Pickled Pepper,Food_Pickle_Chili_pixel,resource,Food,Normal,0,9999,10,0,"Zesty peppers preserved for a bold, tangy bite.",150,FALSE,0,Pickled Pepper
Food_Pickle_Corn,Food_Pickle_Corn,Pickled Corn,Food_Pickle_Corn_pixel,resource,Food,Normal,0,9999,10,0,Sweet and crunchy pickled corn kernels.,150,FALSE,0,Pickled Corn
Food_Pickle_Eggplant,Food_Pickle_Eggplant,Pickled Eggplant,Food_Pickle_Eggplant_pixel,resource,Food,Normal,0,9999,10,0,Tender eggplant marinated in a savory brine.,150,FALSE,0,Pickled Eggplant
Food_Jelly_Pumpkin,Food_Jelly_Pumpkin,Pumpkin Jelly,Food_Pumpkin_Jelly_pixel,resource,Food,Normal,0,9999,10,0,Sweet and thick jellymade from ripe pumpkins.,150,FALSE,0,Pumpkin Jelly
Food_Dried_BlossomCarp,Food_Dried_BlossomCarp,Dried Blossom Carp,Food_Cherry_Blossom_Carp_pixel,resource,Food,Normal,0,9999,10,0,"A sweet and delicate dried carp, infused with floral notes.",150,FALSE,0,Dried Blossom Carp
Food_Dried_SpringTrout,Food_Dried_SpringTrout,Dried Spring Trout,Food_Springlight_Trout_pixel,resource,Food,Normal,0,9999,10,0,"A light, fragrant dried trout perfect for spring dishes.",150,FALSE,0,Dried Spring Trout
Food_Dried_SummerCod,Food_Dried_SummerCod,Dried Summer Cod,Food_Summer_Cod_pixel,resource,Food,Normal,0,9999,10,0,"A firm, savory cod dried under the midsummer sun.",150,FALSE,0,Dried Summer Cod
Food_Dried_TurquoiseSnapper,Food_Dried_TurquoiseSnapper,Dried Turquoise Snapper,Food_Turquoise_Snapper_pixel,resource,Food,Normal,0,9999,10,0,A vibrant dried snapper rich with ocean flavor.,150,FALSE,0,Dried Turquoise Snapper
Food_Dried_AutumnCatfish,Food_Dried_AutumnCatfish,Dried Autumn Catfish,Food__Autumn_Catfish_pixel,resource,Food,Normal,0,9999,10,0,A hearty dried catfish carrying the essence of autumn.,150,FALSE,0,Dried Autumn Catfish
Food_Dried_CrimsonBass,Food_Dried_CrimsonBass,Dried Crimson Bass,Food_Crimson_Bass_pixel,resource,Food,Normal,0,9999,10,0,"A robust, spicy-flavored dried bass with a bold bite.",150,FALSE,0,Dried Crimson Bass
Food_Dried_IcefinTrout,Food_Dried_IcefinTrout,Dried Icefin Trout,Food_Icefin_Trout_pixel,resource,Food,Normal,0,9999,10,0,"A rare dried trout, crisp with the chill of winter waters.",150,FALSE,0,Dried Icefin Trout
Food_Dried_SilverCod,Food_Dried_SilverCod,Dried Silver Cod,Food_Silver_Cod_pixel,resource,Food,Normal,0,9999,10,0,A shimmering cod preserved to a silvery perfection.,150,FALSE,0,Dried Silver Cod
Food_Dried_WaterLilySalmon,Food_Dried_WaterLilySalmon,Dried Water Lily Salmon\t,Food_Water_Lily_Salmon_pixel,resource,Food,Normal,0,9999,10,0,A mild and tender dried salmon from peaceful ponds.,150,FALSE,0,Dried Water Lily Salmon\t
Food_Dried_StoneSeaBass,Food_Dried_StoneSeaBass,Dried Stone Sea Bass,Food_Stone_Sea_Bass_pixel,resource,Food,Normal,0,9999,10,0,"A chewy dried bass with a mineral-rich, deep flavor.",150,FALSE,0,Dried Stone Sea Bass
Food_Bread,Food_Bread,Bread,Food_Bread_pixel,resource,Ingredient,Poor,0,9999,10,0,"A simple loaf of bread. Soft, warm, and satisfying.",120,FALSE,0,Bread
Food_Cheese,Food_Cheese,Cheese,Food_Cheese_pixel,resource,Ingredient,Poor,0,9999,10,0,"A block of rich, flavorful cheese. Great as a snack or ingredient.",120,FALSE,0,Cheese
Food_CornSoup,Food_CornSoup,Corn Soup,Food_CornSoup_pixel,Useable,Ingredient,Poor,0,9999,10,0, A bowl of sweet corn soup. Warms you up from the inside.,120,FALSE,0,Corn Soup
Food_EggCheeseBread,Food_EggCheeseBread,Egg Cheese Bread,Food_EggCheeseSandwich_pixel,Useable,Ingredient,Poor,0,9999,10,0,"Toasted bread with egg and melted cheese. A hearty, energizing meal.",120,FALSE,0,Egg Cheese Bread
Food_GarlicBread,Food_GarlicBread,Garlic Bread,Food_GalicBread_pixel,Useable,Ingredient,Poor,0,9999,10,0,Crispy garlic bread with a savory aroma. Perfect with soups or stews.,120,FALSE,0,Garlic Bread
Food_JellyToast,Food_JellyToast,JellyToast,Food_JellyToast_pixel,Useable,Ingredient,Poor,0,9999,10,0,Toast topped with fruit jelly. Sweet and nostalgic.,120,FALSE,0,JellyToast
Food_MushroomSoup,Food_MushroomSoup,Mushroom Soup,Food_MushroonSoup_pixel,Useable,Ingredient,Poor,0,9999,10,0, Creamy soup made with forest mushrooms. Light but nourishing.,120,FALSE,0,Mushroom Soup
Food_PumpkinPie,Food_PumpkinPie,Pumpkin Pie,Food_PumkinPie_pixel,Useable,Ingredient,Poor,0,9999,10,0,A slice of spiced pumpkin pie. Brings warmth and comfort.,120,FALSE,0,Pumpkin Pie
Food_Salad,Food_Salad,Salad,Food_Salade_pixel,Useable,Ingredient,Poor,0,9999,10,0,A bowl of fresh greens and veggies. Light and healthy.,120,FALSE,0,Salad
Food_VegieSoup,Food_VegieSoup,VegieSoup,Food_VagieSoupe_pixel,Useable,Ingredient,Poor,0,9999,10,0,A warm vegetable soup. Full of vitamins and flavor.,120,FALSE,0,VegieSoup
Food_WhippingCream,Food_WhippingCream,WhippingCream,Food_WC_pixel,resource,Ingredient,Poor,0,9999,10,0,Soft and fluffy whipped cream. Often used as a topping for desserts.,120,FALSE,0,WhippingCream
Food_Paste_Letus,Food_Paste_Letus,Pickled Eggplant,Food_Pickle_Eggplant_pixel,resource,Food,Normal,0,9999,10,0,A paste made from fresh lettuce. Smooth and slightly bitter.,150,FALSE,0,Pickled Eggplant
Food_TomatoSoup,Food_TomatoSoup,Tomato Soup,TomatoSoup,Useable,Ingredient,Poor,0,9999,10,0,Classic tomato soup with a tangy kick. Great for cold days.,120,FALSE,0,Tomato Soup
Food_Paste_Tomato,Food_Paste_Tomato,Tomato Paste,TomatoPaste,resource,Food,Normal,0,9999,10,0,Thick tomato paste. Ideal for sauces and stews.,150,FALSE,0,Tomato Paste
Food_CrabMeat,Food_CrabMeat,Crab Meat,CrapMeat,resource,Soup,Poor,0,9999,10,0,"Fresh crab meat, tender and flavorful.",120,FALSE,0,Crab Meat
Food_CrabSoup,Food_CrabSoup,Crab Soup,CrapSoup,Useable,Soup,Poor,0,9999,10,60,A rich soup made from crab. Luxurious and warm.,120,FALSE,0,Crab Soup
Potion_XP_Testing,Potion_XP_Testing,Testing XP Potion,Potion_Green,Quest,Potion,Epic,0,9999,30,15,"Represents experience points gained from activities, allowing level progression.",1000,FALSE,0,Testing XP Potion
Potion_Bandage,Potion_Bandage,Bandage,Bandage,Useable,Potion,Poor,0,9999,5,0,A strip of cloth used to wrap wounds and stop bleeding.,50,FALSE,0,Bandage
Potion_EmergencyPotion,Potion_EmergencyPotion,Emergency Potion,Potion_Red,Useable,Potion,Poor,0,9999,10,0,A quick-use potion that restores health or provides immediate relief in critical situations.,100,FALSE,0,Emergency Potion
Potion_HP_Emergency,Potion_HP_Emergency,Emergency HP Potion,HPImage,Useable,Potion,Poor,0,9999,20,0,"Represents the player\'s health points, determining their survivability in combat.",200,FALSE,0,Emergency HP Potion
Potion_MP_Emergency,Potion_MP_Emergency,Emergency MP Potion,ManaImage,Useable,Potion,Normal,0,9999,20,0,"Represents the player\'s mana points, used for casting spells and abilities.",300,FALSE,0,Emergency MP Potion
Potion_Agility,Potion_Agility,Potion of Agility,Potion_Agility_pixel,Useable,Potion,Poor,0,9999,10,60,"Represents the player\'s health points, determining their survivability in combat.",200,FALSE,0,Potion of Agility
Potion_Strength,Potion_Strength,Potion of Strength,Potion_Strength_pixel,Useable,Potion,Poor,0,9999,10,60,"Represents the player\'s health points, determining their survivability in combat.",200,FALSE,0,Potion of Strength
Potion_Focus,Potion_Focus,Potion of Focus,Potion_Focus_pixel,Useable,Potion,Poor,0,9999,10,60,"Represents the player\'s health points, determining their survivability in combat.",200,FALSE,0,Potion of Focus
Potion_Vitality,Potion_Vitality,Potion of Vitality,Potion_Vitality_pixel,Useable,Potion,Poor,0,9999,10,60,"Represents the player\'s health points, determining their survivability in combat.",200,FALSE,0,Potion of Vitality
Potion_ManaSurge,Potion_ManaSurge,Potion of Mana Surge,Potion_Mana_pixel,Useable,Potion,Poor,0,9999,10,60,"Represents the player\'s health points, determining their survivability in combat.",200,FALSE,0,Potion of Mana Surge
Potion_Invisibility,Potion_Invisibility,Potion of Invisibility,Potion_Invisibility_pixel,Useable,Potion,Poor,0,9999,10,3,"Represents the player\'s health points, determining their survivability in combat.",200,FALSE,0,Potion of Invisibility
Potion_FireResitance,Potion_FireResitance,Potion of Fire Resistance,Potion_FireResistance_pixel,Useable,Potion,Poor,0,9999,10,60,"Represents the player\'s health points, determining their survivability in combat.",200,FALSE,0,Potion of Fire Resistance
Potion_FroestResistance,Potion_FroestResistance,Emergency HP Potion,Potion_FrostResitance_pixel,Useable,Potion,Poor,0,9999,10,60,"Represents the player\'s health points, determining their survivability in combat.",200,FALSE,0,Emergency HP Potion
Potion_Harvest,Potion_Harvest,Potion of Frost Resistance,Potion_Harvest_pixel,Useable,Potion,Poor,0,9999,10,60,"Represents the player\'s health points, determining their survivability in combat.",200,FALSE,0,Potion of Frost Resistance
Potion_Fourtune,Potion_Fourtune,Potion of Fortune,Potion_Forturne_pixel,Useable,Potion,Poor,0,9999,10,60,"Represents the player\'s health points, determining their survivability in combat.",200,FALSE,0,Potion of Fortune
Potion_Experimental,Potion_Experimental,Experimental Potion,HPImage,Useable,Potion,Poor,0,1,10,60,Experimental Potion that syra made.,0,FALSE,0,Experimental Potion
Potion_StellarEssence,Potion_StellarEssence,Stellar Essence,Potion_StellaEssance,Useable,Potion,Uniqe,0,9999,10,60,Stella Essence,0,FALSE,0,Stellar Essence
Quest_M0_LockedStorybook,Quest_M0_LockedStorybook,Locked Storybook,M1_Book,Quest,Book,Poor,0,9999,0,0,"A thin material made from wood pulp, used for writing, crafting, or scroll-making.",0,TRUE,0,Locked Storybook
Quest_M1_OldKey,Quest_M1_OldKey,Old Key,Opening_Book_Key,Quest,Key,Poor,0,1,0,0,"An old, worn-out key that looks like it\'s seen better days.",0,TRUE,0,Old Key
Quest_M1_Warmth,Quest_M1_Warmth,Warmth,Quest_Warmth,Useable,Warmth,Poor,0,999,0,0,Occasionally drops from snowfield monsters.Even those who seem cold on the outside… may hold warmth within.,0,FALSE,0,Warmth
Quest_M1_IceCrystal,Quest_M1_IceCrystal,Ice Crystal,Quest_IceReric,resource,Relic,Poor,0,1,0,0,"An old, worn-out key that looks like it\'s seen better days.",0,TRUE,0,Ice Crystal
Quest_M1_PendantOfTheIceSprit,Quest_M1_PendantOfTheIceSprit,Pendant Of The Ice Sprit,Quest_Pendent,Quest,Pendant,Poor,0,1,0,0,"A pendant crafted from an Ice Crystal infused with the lingering essence of a spirit.While carrying this pendant, using Warmth Essence will grant you the Warmth buff—a protective heat that allows you to withstand the harsh blizzard within the cave.",0,TRUE,0,Pendant Of The Ice Sprit
Quest_M2_Storybook,Quest_M2_Storybook,Storybook,M2_Book,Quest,Book,Poor,0,9999,0,0,"A thin material made from wood pulp, used for writing, crafting, or scroll-making.",0,TRUE,0,Storybook
Quest_M2_LunaFlower,Quest_M2_LunaFlower,Luna Flower,Quest_LunaFlower,resource,Crops,Poor,0,9999,0,0,"A blossom that glows brightest under the full moon. It is said to absorb and store the moon’s light, using it to mend fractured souls. Those who stand near it can feel the warmth of life and the quiet pulse of light—gentle yet unyielding, like the moon itself.",0,FALSE,0,Luna Flower
Quest_M2_LunaFlowerExtract,Quest_M2_LunaFlowerExtract,Luna Flower Extract,Essence_M_2_LunaEssance,Quest,Extract,Poor,0,9999,0,0,"An essence distilled from the Luna Flower, radiating a concentrated moonlight. Its touch carries the gentle yet potent power of healing-like moonlight condensed into liquid form.",0,FALSE,0,Luna Flower Extract
Quest_M2_SpiritsEnergy,Quest_M2_SpiritsEnergy,Spirit’s Energy,Quest_M2_SpirtSoule,Quest,Aura,Poor,0,9999,0,0,Spirit’s Energy,0,FALSE,0,Spirit’s Energy
Quest_M3_UnderFlower,Quest_M3_UnderFlower,Under Flower,Quest_DeathFlower,resource,Crops,Poor,0,9999,0,0,"A flower found in the underworld of Olympus. It is said to cradle wandering souls, giving them rest until a new vessel for reincarnation is prepared. Though it emanates a shadowy aura, one can still feel a faint pulse of life within it—proof that even in death, the cycle never truly ends.",0,FALSE,0,Under Flower
Quest_M3_Letter,Quest_M3_Letter,Hades’ Letter,M3_Letter,Quest,Letter,Uniqe,0,1,0,0,"A heartfelt letter written by Hades himself. Ancient runes of powerful sorcery are etched between the lines, and the deep scent of the Under Flower lingers in the parchment. Yet, the bright glow of the Luna Flower gently wraps around it—light embracing the darkness, as if even death wished to speak of love.",0,FALSE,0,Hades’ Letter
Quest_M5_Mugwort,Quest_M5_Mugwort,Mugwort,Mugwort_pixel,resource,Crops,Poor,0,9999,0,0,Mugwort,0,FALSE,0,Mugwort
Quest_M6_OldBook,Quest_M6_OldBook,Ancient record,M_6_OldBook,Quest,Book,Poor,0,9999,0,0,Ancient record,0,FALSE,0,Ancient record
Quest_SK0_Hammer,Quest_SK0_Hammer,Hammer,ItemImage,Quest,Pendant,Poor,0,1,0,0,"A pendant crafted from an Ice Crystal infused with the lingering essence of a spirit.While carrying this pendant, using Warmth Essence will grant you the Warmth buff—a protective heat that allows you to withstand the harsh blizzard within the cave.",0,TRUE,0,Hammer
Quest_SK3_WindmillBook,Quest_SK3_WindmillBook,Windmill Training Manual,Windmill_pixel,Quest,Book,Poor,0,1,0,0,A temporary combat manual that grants access to the Windmill skill within the training room.Use it to unleash a powerful spinning attack that strikes all enemies nearby.Only usable inside the training facility. The effect wears off after leaving.,0,TRUE,0,Windmill Training Manual
Quest_SK4_Waterbucket,Quest_SK4_Waterbucket,Water bucket,SK4_Waterbucket,Quest,Bucket,Poor,0,1,0,0,Filied with water.,0,TRUE,0,Water bucket
Quest_SK6_BeachTowel,Quest_SK6_BeachTowel,Syra\'s Beach Tower.,Tower,Quest,towel,Poor,0,1,0,0,Syra\'s Beach Tower.,0,TRUE,0,Syra\'s Beach Tower.
Quest_SK16_LuckyCharm,Quest_SK16_LuckyCharm,LuckyCharm,LuckyCharm,Quest,towel,Poor,0,1,0,0,Lucky Charm. Casandra made for Jocelyn,0,TRUE,0,LuckyCharm
Quest_S5_SealedBottle,Quest_S5_SealedBottle,Sealed Bottle,Milk_pixel,Quest,Sealed Bottle,Poor,0,1,0,0,"Sealed Bottle. Celine found it.,",0,TRUE,0,Sealed Bottle
Quest_S5_OceansBack,Quest_S5_OceansBack,Ocean\'s Back,Book_pixel,Quest,Book,Poor,0,1,0,0,Ocean\'s Back,0,TRUE,0,Ocean\'s Back
Quest_M8_Essence_M1,Quest_M8_Essence_M1,Luna Flower Extract,Essence_M_1,Quest,Essence,Uniqe,0,9999,0,0,Luna Flower Extract,0,FALSE,0,Luna Flower Extract
Quest_M8_Essence_M2,Quest_M8_Essence_M2,Ember Scent,Essence_M_2,Quest,Essence,Uniqe,0,9999,0,0,Ember Scent,0,FALSE,0,Ember Scent
Quest_M8_Essence_M3,Quest_M8_Essence_M3,Underworld Bloom,Essence_M_3,Quest,Essence,Uniqe,0,9999,0,0,Underworld Bloom,0,FALSE,0,Underworld Bloom
Quest_M8_Essence_M4,Quest_M8_Essence_M4,Survivor’s Spirit,Essence_M_4,Quest,Essence,Uniqe,0,9999,0,0,Survivor’s Spirit,0,FALSE,0,Survivor’s Spirit
Quest_M8_Essence_M5,Quest_M8_Essence_M5,Totem Scent,Essence_M_5,Quest,Essence,Uniqe,0,9999,0,0,Totem Scent,0,FALSE,0,Totem Scent
Quest_M8_Essence_M6,Quest_M8_Essence_M6,Blood of Promise,Essence_M_6,Quest,Essence,Uniqe,0,9999,0,0,Blood of Promise,0,FALSE,0,Blood of Promise
Quest_M8_Essence_M7,Quest_M8_Essence_M7,Equilibrium Essence,Essence_M_7,Quest,Essence,Uniqe,0,9999,0,0,Equilibrium Essence,0,FALSE,0,Equilibrium Essence
Quest_M10_Jodiac_Aquarius,Quest_M10_Jodiac_Aquarius,Aquarius Fragment,Jodiac_Aquarius,Quest,Essence,Uniqe,0,9999,0,0,Aquarius Fragment,0,FALSE,0,Aquarius Fragment
Quest_M10_Jodiac_Aries,Quest_M10_Jodiac_Aries,Aries Fragment,Jodiac_Aries,Quest,Essence,Uniqe,0,9999,0,0,Aries Fragment,0,FALSE,0,Aries Fragment
Quest_M10_Jodiac_Cancer,Quest_M10_Jodiac_Cancer,Cancer Fragment,Jodiac_Cancer,Quest,Essence,Uniqe,0,9999,0,0,Cancer Fragment,0,FALSE,0,Cancer Fragment
Quest_M10_Jodiac_Capricorn,Quest_M10_Jodiac_Capricorn,Capricorn Fragment,Jodiac_Capricorn,Quest,Essence,Uniqe,0,9999,0,0,Capricorn Fragment,0,FALSE,0,Capricorn Fragment
Quest_M10_Jodiac_Gemini,Quest_M10_Jodiac_Gemini,Gemini Fragment,Jodiac_Gemini,Quest,Essence,Uniqe,0,9999,0,0,Gemini Fragment,0,FALSE,0,Gemini Fragment
Quest_M10_Jodiac_Leo,Quest_M10_Jodiac_Leo,Leo Fragment,Jodiac_Leo,Quest,Essence,Uniqe,0,9999,0,0,Leo Fragment,0,FALSE,0,Leo Fragment
Quest_M10_Jodiac_Libra,Quest_M10_Jodiac_Libra,Libra Fragment,Jodiac_Libra,Quest,Essence,Uniqe,0,9999,0,0,Libra Fragment,0,FALSE,0,Libra Fragment
Quest_M10_Jodiac_Pisces,Quest_M10_Jodiac_Pisces,Pisces Fragment,Jodiac_Pisces,Quest,Essence,Uniqe,0,9999,0,0,Pisces Fragment,0,FALSE,0,Pisces Fragment
Quest_M10_Jodiac_Sagittarius,Quest_M10_Jodiac_Sagittarius,Sagittarius Fragment,Jodiac_Sagittarius,Quest,Essence,Uniqe,0,9999,0,0,Sagittarius Fragment,0,FALSE,0,Sagittarius Fragment
Quest_M10_Jodiac_Scorpio,Quest_M10_Jodiac_Scorpio,Scorpio Fragment,Jodiac_Scorpio,Quest,Essence,Uniqe,0,9999,0,0,Scorpio Fragment,0,FALSE,0,Scorpio Fragment
Quest_M10_Jodiac_Taurus,Quest_M10_Jodiac_Taurus,Taurus Fragment,Jodiac_Taurus,Quest,Essence,Uniqe,0,9999,0,0,Taurus Fragment,0,FALSE,0,Taurus Fragment
Quest_M10_Jodiac_Virgo,Quest_M10_Jodiac_Virgo,Virgo Fragment,Jodiac_Virgo,Quest,Essence,Uniqe,0,9999,0,0,Virgo Fragment,0,FALSE,0,Virgo Fragment
