ID,QuestID,QuestType,QuestName,ItemReward,Gold,XPReward,Prereques,Category_Kor
M_0_1,M_0_1,Explore,To Grandpa’s House,(),0,100,,메인
M_0_2,M_0_2,Explore,The House Left Behind,(),0,100,,메인
M_0_3,M_0_3,Talking,A Knock at the Door,(),0,100,,메인
M_0_4,M_0_4,Talking,The Gardener’s Advice,"((""Seed_Strawberry"", 5),(""Seed_Potato"", 5),(""Tool_Shovel"", 1),(""Tool_Scythe"", 1),(""Tool_WateringCan"", 1))",0,200,"(""M_0_3"")",메인
M_0_5,M_0_5,Talking,Fiona’s Welcome Gift,"((""Tool_Axe"", 1))",0,200,"(""M_0_4"")",메인
M_0_6,M_0_6,Collect,Timber for Tools,"((""Tool_Pickaxe"", 1))",300,400,"(""M_0_5"")",메인
M_0_7,M_0_7,Delivery,Leymore\'s Request,"((""Weapon_Sword"", 1))",300,500,"(""M_0_6"")",메인
M_0_8,M_0_8,Delivery,Hunter\'s Trial,"((""Weapon_Bow"", 1))",300,590,"(""M_0_7"")",메인
M_0_9,M_0_9,Talking,Fishing for Friends,"((""Tool_FishingRod"", 1))",0,678,"(""M_0_8"")",메인
M_0_10,M_0_10,Talking,A Locked Chapter,"((""Quest_M0_LockedStorybook"", 1))",0,778,"(""M_0_9"")",메인
M_0_EX_0_0,M_0_EX_0_0,Talking,Tutorial : GuidBook,(),3500,1000,"(""M_0_3"")",메인서브
M_0_EX_0_1,M_0_EX_0_1,Explore,Tutorial 1 : Farming,(),5000,5000,"(""M_0_EX_0_0"")",메인서브
M_0_EX_0_2,M_0_EX_0_2,Explore,Tutorial 2 : Resources Gathering,(),5000,5000,"(""M_0_EX_0_0"")",메인서브
M_0_EX_0_3,M_0_EX_0_3,Explore,Tutorial 3 : Forest and Mine,(),5000,5000,"(""M_0_EX_0_0"")",메인서브
M_0_EX_0_4,M_0_EX_0_4,Explore,Tutorial 4 : Hunting,(),5000,5000,"(""M_0_EX_0_0"")",메인서브
M_0_EX_0_5,M_0_EX_0_5,Explore,Tutorial 5 : Skills,(),5000,5000,"(""M_0_EX_0_0"")",메인서브
M_0_EX_0_6,M_0_EX_0_6,Explore,Tutorial 6 : Fishing,(),5000,5000,"(""M_0_EX_0_0"")",메인서브
M_0_EX_0_7,M_0_EX_0_7,Explore,Tutorial 7 : Livestock,(),5000,5000,"(""M_0_EX_0_0"")",메인서브
M_0_EX_0_8,M_0_EX_0_8,Explore,Tutorial 8 : Pets,(),5000,5000,"(""M_0_EX_0_0"")",메인서브
M_0_EX_0_9,M_0_EX_0_9,Explore,Tutorial 9 : Companions,(),5000,5000,"(""M_0_EX_0_0"")",메인서브
M_0_EX_0_10,M_0_EX_0_10,Explore,Tutorial 10 : Production,(),5000,5000,"(""M_0_EX_0_0"")",메인서브
M_0_EX_0_11,M_0_EX_0_11,Explore,Tutorial 11 : Enhancement,(),5000,5000,"(""M_0_EX_0_0"")",메인서브
M_0_EX_0_12,M_0_EX_0_12,Explore,Tutorial 12 : Enchant,(),5000,5000,"(""M_0_EX_0_0"")",메인서브
M_0_EX_0_13,M_0_EX_0_13,Explore,Tutorial 13 : Relics,(),5000,5000,"(""M_0_EX_0_0"")",메인서브
M_0_EX_0_14,M_0_EX_0_14,Explore,Tutorial 14 : Repeat Quests,(),5000,5000,"(""M_0_EX_0_0"")",메인서브
M_0_EX_0_15,M_0_EX_0_15,Explore,Tutorial 15 : Instrument Performance,(),5000,5000,"(""M_0_EX_0_0"")",메인서브
M_0_EX_0_16,M_0_EX_0_16,Explore,Tutorial 16 : Creative Activities,(),5000,5000,"(""M_0_EX_0_0"")",메인서브
M_0_EX_0_17,M_0_EX_0_17,Explore,Tutorial 17 : Driving,(),5000,5000,"(""M_0_EX_0_0"")",메인서브
M_0_EX_0_18,M_0_EX_0_18,Explore,Tutorial 18 : Re Reading,(),5000,5000,"(""M_0_EX_0_0"")",메인서브
M_0_EX_0_19,M_0_EX_0_19,Talking,Tutorial : Complete,(),10000,10000,"(""M_0_EX_0_0"",""M_0_EX_0_1"",""M_0_EX_0_2"",""M_0_EX_0_3"",""M_0_EX_0_4"",""M_0_EX_0_5"",""M_0_EX_0_6"",""M_0_EX_0_7"",""M_0_EX_0_8"",""M_0_EX_0_9"",""M_0_EX_0_10"",""M_0_EX_0_11"",""M_0_EX_0_12"",""M_0_EX_0_13"",""M_0_EX_0_14"",""M_0_EX_0_15"",""M_0_EX_0_16"",""M_0_EX_0_17"",""M_0_EX_0_18"")",메인서브
M_1_1,M_1_1,Use,Key to the Past,(),0,1046,,메인
M_1_2,M_1_2,Use,Pages of Another World,(),0,1172,,메인
M_1_3,M_1_3,Talking,Waking in Wintercamp,(),0,1313,,메인
M_1_4,M_1_4,Collect,A Cold Welcome,(),0,1471,"(""M_1_3"")",메인
M_1_5,M_1_5,Kill,Hunters in the Snow,(),0,1647,"(""M_1_4"")",메인
M_1_6,M_1_6,Talking,Frozen Clues,(),0,1844,"(""M_1_5"")",메인
M_1_7,M_1_7,Explore,Breath of Ice,(),0,2065,"(""M_1_6"")",메인
M_1_8,M_1_8,Collect,The Frozen Core,"((""Quest_M1_PendantOfTheIceSprit"", 1))",0,2313,"(""M_1_7"")",메인
M_1_9,M_1_9,Explore,Heart of the Frost,(),0,2592,"(""M_1_8"")",메인
M_1_10,M_1_10,Talking,Ember in the Ice,(),0,2904,"(""M_1_9"")",메인
M_1_11,M_1_11,Kill,Break the Ice,(),0,3253,"(""M_1_10"")",메인
M_1_12,M_1_12,Talking,Voice Beneath the Ice,(),0,3644,"(""M_1_11"")",메인
M_1_13,M_1_13,Kill,Frozen Resentment,(),0,4082,"(""M_1_12"")",메인
M_1_14,M_1_14,Talking,Return of the Cold Light,(),0,4572,"(""M_1_13"")",메인
M_1_15,M_1_15,Use,The Final Page,(),0,5112,"(""M_1_14"")",메인
M_2_0,M_2_0,Talking,An Old Library Card,(),0,2119,"(""M_1_15"")",메인
M_2_1,M_2_1,Talking,Heir to the Storykeeper,(),0,2373,"(""M_2_0"")",메인
M_2_2,M_2_2,Talking,A Test of Story,(),0,2658,"(""M_2_1"")",메인
M_2_3,M_2_3,Explore,Opening the Story,(),0,2978,"(""M_2_2"")",메인
M_2_4,M_2_4,Talking,Following the Moonlight,(),0,3335,,메인
M_2_5,M_2_5,Kill,The Lake That Lost Its Light,(),0,3736,"(""M_2_4"")",메인
M_2_6,M_2_6,Collect,Moonbloom Primrose,(),0,4185,"(""M_2_5"")",메인
M_2_7,M_2_7,Talking,The Herb Specialist,(),0,4690,"(""M_2_6"")",메인
M_2_8,M_2_8,Collect,Essence of the Moon,"((""Quest_M2_LunaFlowerextract"", 1))",0,5257,"(""M_2_7"")",메인
M_2_9,M_2_9,Delivery,Moonlight Restored,(),0,5900,"(""M_2_8"")",메인
M_2_10,M_2_10,Talking,Another Kind of Help,(),0,6626,"(""M_2_9"")",메인
M_2_11,M_2_11,Collect,Spirit’s Energy,"((""Quest_M2_SpiritsEnergy"", 1))",0,7446,"(""M_2_10"")",메인
M_2_12,M_2_12,Delivery,Cleansing the Lake,(),0,8369,"(""M_2_11"")",메인
M_2_13,M_2_13,Talking,The Second Ending,(),0,9410,"(""M_2_12"")",메인
M_2_14,M_2_14,Talking,Novice Storykeeper,(),0,10357,"(""M_2_13"")",메인
M_3_0,M_3_0,Talking,Master of the Temple,(),0,2119,,메인
M_3_1,M_3_1,Talking,The Endless Spring,(),0,2119,"(""M_3_0"")",메인
M_3_2,M_3_2,Talking,Harvest and Bounty,(),0,2119,"(""M_3_1"")",메인
M_3_3,M_3_3,Talking,Gate to the Underworld,(),0,2119,"(""M_3_2"")",메인
M_3_4,M_3_4,Delivery,The Ferryman,(),0,2119,"(""M_3_3"")",메인
M_3_5,M_3_5,Talking,King of the Underworld,(),0,2119,"(""M_3_4"")",메인
M_3_6,M_3_6,Collect,Fragrance of the Underworld,(),0,2119,"(""M_3_5"")",메인
M_3_7,M_3_7,Collect,A Flower Beyond Death,(),0,2119,"(""M_3_6"")",메인
M_3_8,M_3_8,Delivery,Hades’ Sincere Apology,(),0,2119,"(""M_3_7"")",메인
M_3_9,M_3_9,Talking,Pure Devotion,(),0,2119,"(""M_3_8"")",메인
M_3_10,M_3_10,Talking,Cycle of Seasons,(),0,2119,"(""M_3_9"")",메인
M_4_0,M_4_0,Explore,Through the Tunnel,(),0,2119,,메인
M_4_1,M_4_1,Talking,The Desolate City,(),0,2119,"(""M_4_0"")",메인
M_4_2,M_4_2,Explore,Survivor Camp,(),0,2119,"(""M_4_1"")",메인
M_4_3,M_4_3,Collect,Safe Zone,(),0,2119,"(""M_4_2"")",메인
M_4_4,M_4_4,Kill,Zombie Horde,(),0,2119,"(""M_4_3"")",메인
M_4_5,M_4_5,Delivery,Supply Request,(),0,2119,"(""M_4_4"")",메인
M_4_6,M_4_6,Delivery,Toward the Vaccine,(),0,2119,"(""M_4_5"")",메인
M_4_7,M_4_7,Kill,Capturing the Ghoul,(),0,2119,"(""M_4_6"")",메인
M_4_8,M_4_8,Collect,Cure Research,(),0,2119,"(""M_4_7"")",메인
M_4_9,M_4_9,Delivery,Wandering Soul,(),0,2119,"(""M_4_8"")",메인
M_4_10,M_4_10,Talking,Delivering the Vaccine,(),0,2119,"(""M_4_9"")",메인
M_5_0,M_5_0,Explore,The Elder’s Summon,(),0,0,,메인
M_5_1,M_5_1,Talking,Representatives of Two Tribes,(),0,0,"(""M_5_0"")",메인
M_5_2,M_5_2,Explore,Trial of Worthiness,(),0,0,"(""M_5_1"")",메인
M_5_3,M_5_3,Talking,Growth Results,(),0,0,"(""M_5_2"")",메인
M_5_4,M_5_4,Kill,Preparing the Hunt,(),0,0,"(""M_5_3"")",메인
M_5_5,M_5_5,Talking,Results of the Hunt,(),0,0,"(""M_5_4"")",메인
M_5_6,M_5_6,Collect,The Last Trial,"((""Quest_M5_Mugwort"", 10),(""Crops_Garlic"", 10))",0,0,"(""M_5_5"")",메인
M_5_7,M_5_7,Delivery,The Polluted Herbs,"(("""", 0))",0,0,"(""M_5_6"")",메인
M_5_8,M_5_8,Delivery,Energy of Purification,(),0,0,"(""M_5_7"")",메인
M_5_9,M_5_9,Talking,Temptation of the Trial,(),0,0,"(""M_5_8"")",메인
M_5_10,M_5_10,Kill,Tiger of Madness,(),0,0,"(""M_5_9"")",메인
M_5_11,M_5_11,Talking,The New Elder,(),0,0,"(""M_5_10"")",메인
M_6_0,M_6_0,Talking,Confession of the Night,(),0,0,,메인
M_6_1,M_6_1,Talking,Conflict of Blood,(),0,0,"(""M_6_0"")",메인
M_6_2,M_6_2,Kill,Beast Hunt,(),0,0,"(""M_6_1"")",메인
M_6_3,M_6_3,Talking,Hunter’s Shadow,(),0,0,"(""M_6_2"")",메인
M_6_4,M_6_4,Talking,The Queen’s Arrival,(),0,0,"(""M_6_3"")",메인
M_6_5,M_6_5,Talking,Their Memories,(),0,0,"(""M_6_4"")",메인
M_6_6,M_6_6,Talking,Gathering Clues,(),0,0,"(""M_6_5"")",메인
M_6_7,M_6_7,Talking,Ancient Record Search,"((""Quest_M6_OldBook"", 1))",0,0,"(""M_6_6"")",메인
M_6_8,M_6_8,Delivery,Contradicting Memories,(),0,0,"(""M_6_7"")",메인
M_6_9,M_6_9,Talking,Reunion of Truth,(),0,0,"(""M_6_8"")",메인
M_6_10,M_6_10,Talking,Raging Instinct,(),0,0,"(""M_6_9"")",메인
M_6_11,M_6_11,Talking,Purified Garlic,(),0,0,"(""M_6_10"")",메인
M_6_12,M_6_12,Talking,Bell of Dawn,(),0,0,"(""M_6_11"")",메인
M_7_0,M_7_0,Explore,Prelude of Balance,(),0,2119,,메인
M_7_1,M_7_1,Talking,Rio’s Confusion,(),0,2119,"(""M_7_0"")",메인
M_7_2,M_7_2,Talking,Wings of Conflict,(),0,2119,"(""M_7_1"")",메인
M_7_3,M_7_3,Talking,Bella’s Whisper,(),0,2119,"(""M_7_2"")",메인
M_7_4,M_7_4,Talking,A Request for Help,(),0,2119,"(""M_7_3"")",메인
M_7_5,M_7_5,Talking,The Lord of Darkness,"((""Quest_M3_UnderFlower"", 1))",0,2119,"(""M_7_4"")",메인
M_7_6,M_7_6,Delivery,The Under Flower’s Gift,(),0,2119,"(""M_7_5"")",메인
M_7_7,M_7_7,Talking,Alex’s Black Wings,(),0,2119,"(""M_7_6"")",메인
M_7_8,M_7_8,Collect,Teaching of Balance,(),0,2119,"(""M_7_7"")",메인
M_7_9,M_7_9,Talking,Fusion of the Flowers,(),0,2119,"(""M_7_8"")",메인
M_7_10,M_7_10,Talking,The Awakened Rio,(),0,2119,"(""M_7_9"")",메인
M_7_11,M_7_11,Talking,Angela’s Realization,(),0,2119,"(""M_7_10"")",메인
M_8_0,M_8_0,Talking,Shadow of the Ship,(),0,2000,,메인
M_8_1,M_8_1,Talking,Lost Coordinates,(),0,2000,"(""M_8_0"")",메인
M_8_2,M_8_2,Talking,Scent of Stories,(),0,2000,"(""M_8_1"")",메인
M_8_3,M_8_3,Collect,Fragments of Scent,(),0,2000,"(""M_8_2"")",메인
M_8_4,M_8_4,Talking,Ember Scent,"((""Quest_M8_Essence_M1"", 1))",0,2000,"(""M_8_2"")",메인
M_8_5,M_8_5,Talking,Moonlight Bloom,"((""Quest_M8_Essence_M2"", 1))",0,2000,"(""M_8_2"")",메인
M_8_6,M_8_6,Talking,Underworld Bloom,"((""Quest_M8_Essence_M3"", 1))",0,2000,"(""M_8_2"")",메인
M_8_7,M_8_7,Talking,Survivor’s Spirit,"((""Quest_M8_Essence_M4"", 1))",0,2000,"(""M_8_2"")",메인
M_8_8,M_8_8,Talking,Totem Scent,"((""Quest_M8_Essence_M5"", 1))",0,2000,"(""M_8_2"")",메인
M_8_9,M_8_9,Talking,Blood of Promise,"((""Quest_M8_Essence_M6"", 1))",0,2000,"(""M_8_2"")",메인
M_8_10,M_8_10,Talking,Equilibrium Essence,"((""Quest_M8_Essence_M7"", 1))",0,2000,"(""M_8_2"")",메인
M_8_11,M_8_11,Talking,Route of Scents,(),0,2000,"(""M_8_3"")",메인
M_8_12,M_8_12,Explore,Scent of Voyage,(),0,2000,"(""M_8_11"")",메인
M_8_13,M_8_13,Talking,Reconstruction of Path,(),0,2000,"(""M_8_12"")",메인
M_8_14,M_8_14,Talking,Realization,(),0,2000,"(""M_8_13"")",메인
M_8_15,M_8_15,Talking,Truth of Time,(),0,2000,"(""M_8_14"")",메인
M_9_0,M_9_0,Explore,The Missing Brother,(),0,2000,,메인
M_9_1,M_9_1,Explore,Forest of Mist,(),0,2000,"(""M_9_0"")",메인
M_9_2,M_9_2,Talking,Sage Jun,(),0,2000,"(""M_9_1"")",메인
M_9_3,M_9_3,Delivery,Goblin Offerings,(),0,2000,"(""M_9_2"")",메인
M_9_4,M_9_4,Explore,Nora the Gatekeeper,(),0,2000,"(""M_9_3"")",메인
M_9_5,M_9_5,Talking,The Star Map,(),0,2000,"(""M_9_4"")",메인
M_9_6,M_9_6,Talking,Astral Compass,(),0,2000,"(""M_9_5"")",메인
M_9_7,M_9_7,Explore,Beyond the Star Gate,(),0,2000,"(""M_9_6"")",메인
M_9_8,M_9_8,Talking,End of the Constellations,(),0,2000,"(""M_9_7"")",메인
M_9_9,M_9_9,Talking,Scent of the Soul,(),0,2000,"(""M_9_8"")",메인
M_9_10,M_9_10,Talking,Return of the Stars,(),0,2000,"(""M_9_9"")",메인
M_9_11,M_9_11,Explore,Beyond the Stars,(),0,2000,"(""M_9_10"")",메인
M_9_12,M_9_12,Talking,Reuniting the Memory,(),0,2000,"(""M_9_11"")",메인
M_9_13,M_9_13,Explore,Vanishing Records,(),0,2000,"(""M_9_12"")",메인
M_9_14,M_9_14,Talking,Altered Memory,(),0,2000,"(""M_9_13"")",메인
M_9_15,M_9_15,Talking,The Forced Ending,(),0,2000,"(""M_9_14"")",메인
M_9_EX_0_0,M_9_EX_0_0,Explore,Nora’s Request,(),0,0,"(""M_9_15"")",메인서브
M_9_EX_0_1,M_9_EX_0_1,Explore,Rift in the Void,(),0,0,"(""M_9_EX_0_0"")",메인서브
M_9_EX_0_2,M_9_EX_0_2,Talking,The Underworld’s Disturbance,(),0,0,"(""M_9_EX_0_1"")",메인서브
M_9_EX_0_3,M_9_EX_0_3,Explore,The Tower of Lost Stars,(),0,0,"(""M_9_EX_0_2"")",메인서브
M_9_EX_0_4,M_9_EX_0_4,Explore,Endless Challenge,(),0,0,"(""M_9_EX_0_3"")",메인서브
M_10_0,M_10_0,Talking,Endless Prologue,(),0,2000,"(""M_9_15"")",메인
M_10_1,M_10_1,Explore,Stella Party,(),0,2000,"(""M_10_0"")",메인
M_10_2,M_10_2,Collect,Shards of the Library,(),0,2000,"(""M_10_1"")",메인
M_10_3,M_10_3,Explore,Aries: Ember Fragment,"((""Quest_M10_Jodiac_Aries"", 1))",0,2000,"(""M_10_1"")",메인
M_10_4,M_10_4,Talking,Taurus:Earth Fragment,"((""Quest_M10_Jodiac_Taurus"", 1))",0,2000,"(""M_10_1"")",메인
M_10_5,M_10_5,Explore,Cancer: Shell Fragment.,"((""Quest_M10_Jodiac_Cancer"", 1))",0,2000,"(""M_10_1"")",메인
M_10_6,M_10_6,Talking,Leo: Crown Fragment,"((""Quest_M10_Jodiac_Leo"", 1))",0,2000,"(""M_10_1"")",메인
M_10_7,M_10_7,Talking,Virgo:Blood Oath Fragment,"((""Quest_M10_Jodiac_Virgo"", 1))",0,2000,"(""M_10_1"")",메인
M_10_8,M_10_8,Talking,Libra:Balance Fragment,"((""Quest_M10_Jodiac_Libra"", 1))",0,2000,"(""M_10_1"")",메인
M_10_9,M_10_9,Explore,Scorpio: Abyss Fragment,"((""Quest_M10_Jodiac_Scorpio"", 1))",0,2000,"(""M_10_1"")",메인
M_10_10,M_10_10,Talking,Sagittarius: Arrow Fragment,"((""Quest_M10_Jodiac_Sagittarius"", 1))",0,2000,"(""M_10_1"")",메인
M_10_11,M_10_11,Talking,Capricorn: Resolve Fragment,"((""Quest_M10_Jodiac_Capricorn"", 1))",0,2000,"(""M_10_1"")",메인
M_10_12,M_10_12,Explore,Aquarius: Water Fragment,"((""Quest_M10_Jodiac_Aquarius"", 1))",0,2000,"(""M_10_1"")",메인
M_10_13,M_10_13,Explore,Pisces: Cycle Fragment,"((""Quest_M10_Jodiac_Pisces"", 1))",0,2000,"(""M_10_1"")",메인
M_10_14,M_10_14,Talking,The Forgotten Librarians,(),0,2000,"(""M_10_1"")",메인
M_10_15,M_10_15,Talking,Gemini:Record Fragment.,"((""Quest_M10_Jodiac_Gemini"", 1))",0,2000,"(""M_10_14"")",메인
M_10_16,M_10_16,Explore,Fusion of Shards,(),0,2000,"(""M_10_2"")",메인
M_10_17,M_10_17,Explore,"First Ending: The Story’s End, or Its Beginning",(),0,2000,"(""M_10_16"")",메인
M_11_0,M_11_0,Talking,The Vanishing Star,(),0,2000,"(""M_10_17"")",메인
M_11_1,M_11_1,Talking,Casandra’s Suspicion,(),0,2000,"(""M_11_0"")",메인
M_11_2,M_11_2,Talking,A Broken Voyage,(),0,2000,"(""M_11_1"")",메인
M_11_3,M_11_3,Explore,Beyond the Void,(),0,2000,"(""M_11_2"")",메인
M_11_4,M_11_4,Explore,Casandra’s Trace,(),0,2000,"(""M_11_3"")",메인
M_11_5,M_11_5,Delivery,Casandra of Stella Party,(),0,2000,"(""M_11_4"")",메인
M_11_6,M_11_6,Talking,Shattered Story,(),0,2000,"(""M_11_5"")",메인
M_11_7,M_11_7,Talking,Where the Story Went,(),0,2000,"(""M_11_6"")",메인
M_11_8,M_11_8,Talking,The Captain’s Compass,(),0,2000,"(""M_11_7"")",메인
M_11_9,M_11_9,Talking,The Captain’s Telescope,(),0,2000,"(""M_11_8"")",메인
M_11_10,M_11_10,Kill,The Captain’s Hat,(),0,2000,"(""M_11_9"")",메인
M_11_11,M_11_11,Talking,Restored Narrative,(),0,2000,"(""M_11_10"")",메인
M_11_12,M_11_12,Talking,An Inevitable Fate,(),0,2000,"(""M_11_11"")",메인
M_12_0,M_12_0,Explore,Joey’s Whereabouts,(),0,2000,"(""M_11_12"")",메인
M_12_1,M_12_1,Talking,The Melted Winter,(),0,2000,"(""M_12_0"")",메인
M_12_2,M_12_2,Talking,The Wrong Request,(),0,2000,"(""M_12_1"")",메인
M_12_3,M_12_3,Talking,Ivy’s Concern,(),0,2000,"(""M_12_2"")",메인
M_12_4,M_12_4,Talking,The Thawing Ice,(),0,2000,"(""M_12_3"")",메인
M_12_5,M_12_5,Talking,Spirit in Turmoil,(),0,2000,"(""M_12_4"")",메인
M_12_6,M_12_6,Talking,The Setting of the Story,(),0,2000,"(""M_12_5"")",메인
M_12_7,M_12_7,Delivery,The Circle of Restoration,(),0,2000,"(""M_12_6"")",메인
M_12_8,M_12_8,Collect,Ice Crystals,(),0,2000,"(""M_12_7"")",메인
M_12_9,M_12_9,Explore,The Aligning Story,(),0,2000,"(""M_12_8"")",메인
M_12_10,M_12_10,Talking,Winter Restored,(),0,2000,"(""M_12_9"")",메인
M_12_11,M_12_11,Talking,The Spirit’s Call,(),0,2000,"(""M_12_10"")",메인
M_13_0,M_13_0,Talking,The Darkened Lake,(),0,2000,"(""M_12_11"")",메인
M_13_1,M_13_1,Talking,The Dark Witch Celine,(),0,2000,"(""M_13_0"")",메인
M_13_2,M_13_2,Talking,Darkness and the Void,(),0,2000,"(""M_13_1"")",메인
M_13_3,M_13_3,Collect,A Vessel for Darkness,"((""Quest_M2_LunaFlower"", 10),("""", 10))",0,2000,"(""M_13_2"")",메인
M_13_4,M_13_4,Delivery,Controlled Darkness,(),0,2000,"(""M_13_3"")",메인
M_13_5,M_13_5,Talking,Joey and the Void,(),0,2000,"(""M_13_4"")",메인
M_13_6,M_13_6,Delivery,Journey Toward the Void,(),0,2000,"(""M_13_5"")",메인
M_13_7,M_13_7,Explore,An Unstable Story,(),0,2000,"(""M_13_6"")",메인
M_13_8,M_13_8,Collect,The Duplicated Protagonist,(),0,2000,"(""M_13_7"")",메인
M_13_9,M_13_9,Talking,The Price of Existence,(),0,2000,"(""M_13_8"")",메인
M_13_10,M_13_10,Talking,The Replaced Figure,(),0,2000,"(""M_13_9"")",메인
M_13_11,M_13_11,Talking,Two Stories,(),0,2000,"(""M_13_10"")",메인
M_14_0,M_14_00,Talking,A Fading Story,(),0,2000,"(""M_13_11"")",메인
M_14_1,M_14_1,Talking,Human Nick,(),0,2000,"(""M_14_0"")",메인
M_14_2,M_14_2,Talking,Tell Me Your Wish,(),0,2000,"(""M_14_1"")",메인
M_14_3,M_14_3,Talking,Conflicted Memories,(),0,2000,"(""M_14_2"")",메인
M_14_4,M_14_4,Talking,Butterfly Dream,(),0,2000,"(""M_14_3"")",메인
M_14_5,M_14_5,Talking,Blurred Consciousness,(),0,2000,"(""M_14_4"")",메인
M_14_6,M_14_6,Explore,A Vivid Dream,(),0,2000,"(""M_14_5"")",메인
M_14_7,M_14_7,Talking,Resonance of the Soul,(),0,2000,"(""M_14_6"")",메인
M_14_8,M_14_8,Explore,A Moment of Choice,(),0,2000,"(""M_14_7"")",메인
M_14_9,M_14_,Talking,Essence of Blood,(),0,2000,"(""M_14_8"")",서브
M_14_10,M_14_,Talking,The Experience of Humanity,(),0,2000,"(""M_14_9"")",서브
M_14_11,M_14_,Talking,A Toast to a New Beginning,(),0,2000,"(""M_14_10"")",서브
M_14_12,M_14_,Talking,Feast of Reconciliation,(),0,2000,"(""M_14_11"")",서브
M_14_13,M_14_,Talking,The Returning Meteor,(),0,2000,"(""M_14_12"")",서브
M_15_0,M_15_0,Explore,A Strange Frequency,(),0,2000,"(""M_14_13"")",메인
M_15_1,M_15_,Talking,A Peculiar Relic,(),0,2000,"(""M_15_"")",서브
M_15_2,M_15_2,Talking,A Peculiar Relic,(),0,2000,"(""M_15_1"")",메인
M_15_3,M_15_3,Talking,Ancient and Modern,(),0,2000,"(""M_15_2"")",메인
M_15_4,M_15_,Talking,A Familiar Blueprint,(),0,2000,"(""M_15_"")",서브
M_15_5,M_15_,Talking,Memory Extraction Device,(),0,2000,"(""M_15_"")",서브
M_15_6,M_15_6,Talking,Transmission,(),0,2000,"(""M_15_5"")",메인
M_15_7,M_15_7,Talking,The Cost of Memory,(),0,2000,"(""M_15_6"")",메인
M_15_8,M_15_8,Delivery,Reset,(),0,2000,"(""M_15_7"")",메인
M_15_9,M_15_9,Talking,Searching for a Vaccine,(),0,2000,"(""M_15_8"")",메인
M_15_10,M_15_10,Talking,The Truth of the Story,(),0,2000,"(""M_15_9"")",메인
M_15_11,M_15_11,Talking,The Zombie World,(),0,2000,"(""M_15_10"")",메인
M_15_12,M_15_12,Talking,An Unavoidable Story,(),0,2000,"(""M_15_11"")",메인
M_16_0,M_16_0,Explore,Following Joey’s Trace,(),0,2000,"(""M_15_12"")",메인
M_16_1,M_16_1,Explore,Joey Found Again,(),0,2000,"(""M_16_0"")",메인
M_16_2,M_16_2,Talking,Joey’s True Intent,(),0,2000,"(""M_16_1"")",메인
M_16_3,M_16_3,Talking,The Primal Stories,(),0,2000,"(""M_16_2"")",메인
M_16_4,M_16_4,Talking,The Collapse of a World,(),0,2000,"(""M_16_3"")",메인
M_16_5,M_16_5,Talking,Chasing the Truth,(),0,2000,"(""M_16_4"")",메인
M_16_6,M_16_6,Talking,Divinity,(),0,2000,"(""M_16_5"")",메인
M_16_7,M_16_7,Talking,The Made God,(),0,2000,"(""M_16_6"")",메인
M_17_0,M_17_0,Talking,The True Self,(),0,2000,"(""M_16_7"")",메인
M_17_1,M_17_1,Talking,The Story as a Bridge,(),0,2000,"(""M_17_0"")",메인
M_17_2,M_17_2,Talking,A Tale That Connects Two Worlds,(),0,2000,"(""M_17_1"")",메인
M_17_3,M_17_3,Talking,The Crow’s Path,(),0,2000,"(""M_17_2"")",메인
M_17_4,M_17_4,Talking,Two Feathers,(),0,2000,"(""M_17_3"")",메인
M_17_5,M_17_5,Talking,Shadow Doppelgänger,(),0,2000,"(""M_17_4"")",메인
M_17_6,M_17_4,Talking,The Ojakgyo,(),0,2000,"(""M_17_5"")",메인
M_17_7,M_17_,Collect,Everywhere Yet Nowhere,(),0,2000,"(""M_17_"")",서브
M_17_8,M_17_,Talking,The Recorder,(),0,2000,"(""M_17_"")",서브
M_17_9,M_17_9,Talking,Collapse of the Worldline,(),0,2000,"(""M_17_8"")",메인
M_18_0,M_18_0,Talking,Twisting the Story,(),0,2000,"(""M_17_9"")",메인
M_18_1,M_18_1,Talking,Searching for an Old Tale,(),0,2000,"(""M_18_0"")",메인
M_18_2,M_18_2,Talking,The Protagonists of the Tale,(),0,2000,"(""M_18_1"")",메인
M_18_3,M_18_3,Talking,Essence of the Tiger,(),0,2000,"(""M_18_2"")",메인
M_18_4,M_18_4,Collect,Essence of the Moon,(),0,2000,"(""M_18_3"")",메인
M_18_5,M_18_5,Talking,Reassigning the Roles,(),0,2000,"(""M_18_4"")",메인
M_18_6,M_18_6,Collect,The Night the Moon Rises,(),0,2000,"(""M_18_5"")",메인
M_18_7,M_18_7,Talking,A Farewell,(),0,2000,"(""M_18_"")",메인
M_18_8,M_18_8,Talking,If You Give Me a Rice Cake…,(),0,2000,"(""M_18_7"")",메인
M_18_9,M_18_9,Explore,Iris’s Awakening,(),0,2000,"(""M_18_8"")",메인
M_18_10,M_18_10,Talking,The Protagonist Who Exits,(),0,2000,"(""M_18_9"")",메인
M_19_0,M_19_0,Talking,Beyond the Story,(),0,2000,"(""M_18_10"")",메인
M_19_1,M_19_1,Talking,Recognition of the True Self,(),0,2000,"(""M_19_0"")",메인
M_19_2,M_19_2,Talking,A New Divinity,(),0,2000,"(""M_19_1"")",메인
M_19_3,M_19_3,Talking,Storykeeper and Recorder,(),0,2000,"(""M_19_2"")",메인
M_19_4,M_19_4,Talking,Beyond the Void,(),0,2000,"(""M_19_3"")",메인
M_20_0,M_20_,Collect,A Message from Nowhere,(),0,2000,"(""M_20_"")",서브
M_20_1,M_20_,Collect,Into the Silent Gap,(),0,2000,"(""M_20_"")",서브
M_20_2,M_20_,Collect,The One Who Returned,(),0,2000,"(""M_20_"")",서브
M_20_3,M_20_,Collect,Footprints of Chronos,(),0,2000,"(""M_20_"")",서브
M_20_4,M_20_,Collect,The Compass That Trembles,(),0,2000,"(""M_20_"")",서브
M_20_5,M_20_,Collect,Shards of Reflection,(),0,2000,"(""M_20_"")",서브
M_20_6,M_20_,Collect,Memory in His Hand,(),0,2000,"(""M_20_"")",서브
M_20_7,M_20_,Collect,Return to the Chronos,(),0,2000,"(""M_20_"")",서브
M_20_8,M_20_,Collect,The Captain’s Suspicion,(),0,2000,"(""M_20_"")",서브
M_20_9,M_20_,Collect,The Hidden Chamber,(),0,2000,"(""M_20_"")",서브
M_21_0,M_21_,Collect,The Captain’s Examination,(),0,2000,"(""M_21_"")",서브
M_21_1,M_21_,Collect,Resonance Ignited,(),0,2000,"(""M_21_"")",서브
M_21_2,M_21_,Collect,Log of a Forgotten Voyage,(),0,2000,"(""M_21_"")",서브
M_21_3,M_21_,Collect,A Question of Origin,(),0,2000,"(""M_21_"")",서브
M_21_4,M_21_,Collect,The Compass Points… Elsewhere,(),0,2000,"(""M_21_"")",서브
M_21_5,M_21_,Collect,Ascend to Stella Party,(),0,2000,"(""M_21_"")",서브
M_21_6,M_21_,Collect,The Librarian’s Silence,(),0,2000,"(""M_21_"")",서브
M_21_7,M_21_,Collect,"Sean answers briefly, “Every window is opened for someone.”",(),0,2000,"(""M_21_"")",서브
M_21_8,M_21_,Collect,Words That Shouldn’t Exist,(),0,2000,"(""M_21_"")",서브
M_21_9,M_21_,Collect,The Name Beneath Time,(),0,2000,"(""M_21_"")",서브
M_22_0,M_22_,Collect,Dust Between the Pages,(),0,2000,"(""M_22_"")",서브
M_22_1,M_22_,Collect,The Rewritten Childhood,(),0,2000,"(""M_22_"")",서브
M_22_2,M_22_,Collect,Sean’s Unease,(),0,2000,"(""M_22_"")",서브
M_22_3,M_22_,Collect,Dan’s Fragment,(),0,2000,"(""M_22_"")",서브
M_22_4,M_22_,Collect,The Hollow Grandfather,(),0,2000,"(""M_22_"")",서브
M_22_5,M_22_,Collect,Echo of an Architect,(),0,2000,"(""M_22_"")",서브
M_22_6,M_22_,Collect,Mirror of the Self,(),0,2000,"(""M_22_"")",서브
M_22_7,M_22_,Collect,Cracks in the Timeline,(),0,2000,"(""M_22_"")",서브
M_22_8,M_22_,Collect,A Story That Designed You,(),0,2000,"(""M_22_"")",서브
M_22_9,M_22_,Collect,The Question Unanswered,(),0,2000,"(""M_22_"")",서브
M_23_0,M_23_,Collect,Return to Winter,(),0,2000,"(""M_23_"")",서브
M_23_1,M_23_,Collect,The Season That Shouldn’t Be,(),0,2000,"(""M_23_"")",서브
M_23_2,M_23_,Collect,Voice of the Ice Spirit,(),0,2000,"(""M_23_"")",서브
M_23_3,M_23_,Collect,Fracture of Summer,(),0,2000,"(""M_23_"")",서브
M_23_4,M_23_,Collect,Witnesses Above,(),0,2000,"(""M_23_"")",서브
M_23_5,M_23_,Collect,The Watchers Speak,(),0,2000,"(""M_23_"")",서브
M_23_6,M_23_,Collect,The Flow Resumes,(),0,2000,"(""M_23_"")",서브
M_23_7,M_23_,Collect,The Compass Awakens,(),0,2000,"(""M_23_"")",서브
M_23_8,M_23_,Collect,The First Disturbance,(),0,2000,"(""M_23_"")",서브
M_23_9,M_23_,Collect,Chronos Remembered,(),0,2000,"(""M_23_"")",서브
M_24_0,M_23_,Collect,Before the Mirror,(),0,2000,"(""M_23_"")",서브
M_24_1,M_23_,Collect,Distorted Reflection,(),0,2000,"(""M_23_"")",서브
M_24_2,M_23_,Collect,Words of Joey,(),0,2000,"(""M_23_"")",서브
M_24_3,M_23_,Collect,“We Are Being Read”,(),0,2000,"(""M_23_"")",서브
M_24_4,M_23_,Collect,The Silent Audience,(),0,2000,"(""M_23_"")",서브
M_24_5,M_23_,Collect,Pages That Breathe,(),0,2000,"(""M_23_"")",서브
M_24_6,M_23_,Collect,A Compass Without North,(),0,2000,"(""M_23_"")",서브
M_24_7,M_23_,Collect,Joey’s Realization,(),0,2000,"(""M_23_"")",서브
M_24_8,M_23_,Collect,Archive of Design,(),0,2000,"(""M_23_"")",서브
M_24_9,M_23_,Collect,The Weight of Watching,(),0,2000,"(""M_23_"")",서브
M_25_0,M_24_,Collect,A World Without Pain,(),0,2000,"(""M_24_"")",서브
M_25_1,M_24_,Collect,Frozen Utopia,(),0,2000,"(""M_24_"")",서브
M_25_2,M_24_,Collect,Stillness That Suffocates,(),0,2000,"(""M_24_"")",서브
M_25_3,M_24_,Collect,The Immortal Pause,(),0,2000,"(""M_24_"")",서브
M_25_4,M_24_,Collect,Echoes of Absence,(),0,2000,"(""M_24_"")",서브
M_25_5,M_24_,Collect,The Price of Perfection,(),0,2000,"(""M_24_"")",서브
M_25_6,M_24_,Collect,Joey’s Doubt,(),0,2000,"(""M_24_"")",서브
M_25_7,M_24_,Collect,Cracks in the Ideal,(),0,2000,"(""M_24_"")",서브
M_25_8,M_24_,Collect,Blueprint of Stillness,(),0,2000,"(""M_24_"")",서브
M_25_9,M_24_,Collect,Would You Choose This?,(),0,2000,"(""M_24_"")",서브
M_26_0,M_26_,Collect,Traces of the Designer,(),0,2000,"(""M_26_"")",서브
M_26_1,M_26_,Collect,The Librarians’ Confession,(),0,2000,"(""M_26_"")",서브
M_26_2,M_26_,Collect,“You Made This World”,(),0,2000,"(""M_26_"")",서브
M_26_3,M_26_,Collect,Compass Locked Forward,(),0,2000,"(""M_26_"")",서브
M_26_4,M_26_,Collect,The Mirror Restored,(),0,2000,"(""M_26_"")",서브
M_26_5,M_26_,Collect,Reflection of the Reader,(),0,2000,"(""M_26_"")",서브
M_26_6,M_26_,Collect,Joey’s Awakening,(),0,2000,"(""M_26_"")",서브
M_26_7,M_26_,Collect,The Final Page Approaches,(),0,2000,"(""M_26_"")",서브
M_26_8,M_26_,Collect,The Unwritten Ending,(),0,2000,"(""M_26_"")",서브
M_26_9,M_26_,Collect,Ready to Close the Book,(),0,2000,"(""M_26_"")",서브
M_27_0,M_27_,Collect,A Quiet Conversation,(),0,2000,"(""M_27_"")",서브
M_27_1,M_27_,Collect,Return to Stella Party,(),0,2000,"(""M_27_"")",서브
M_27_2,M_27_,Collect,Farewell Among Stars,(),0,2000,"(""M_27_"")",서브
M_27_3,M_27_,Collect,Twelve Shards Gathered,(),0,2000,"(""M_27_"")",서브
M_27_4,M_27_,Collect,A completed storybook takes physical form.,(),0,2000,"(""M_27_"")",서브
M_27_5,M_27_,Collect,The Book Complete,(),0,2000,"(""M_27_"")",서브
M_27_6,M_27_,Collect,Ink in the Air,(),0,2000,"(""M_27_"")",서브
M_27_7,M_27_,Collect,The Compass Falls Silent,(),0,2000,"(""M_27_"")",서브
M_27_8,M_27_,Collect,The Cover Descends,(),0,2000,"(""M_27_"")",서브
M_27_9,M_27_,Collect,Until You Open It Again,(),0,2000,"(""M_27_"")",서브
M_28_0,M_28_,Collect,The Final Question,(),0,2000,"(""M_28_"")",서브
M_28_1,M_28_,Collect,Walk into the Void,(),0,2000,"(""M_28_"")",서브
M_28_2,M_28_,Collect,Words Unrecorded,(),0,2000,"(""M_28_"")",서브
M_28_3,M_28_,Collect,The Stars Dim,(),0,2000,"(""M_28_"")",서브
M_28_4,M_28_,Collect,A Fragment Left Behind,(),0,2000,"(""M_28_"")",서브
M_28_5,M_28_,Collect,The Recorder’s Distance,(),0,2000,"(""M_28_"")",서브
M_28_6,M_28_,Collect,The Disappearing Name,(),0,2000,"(""M_28_"")",서브
M_28_7,M_28_,Collect,A World Left Behind,(),0,2000,"(""M_28_"")",서브
M_29_0,M_29_,Collect,Return to the Library,(),0,2000,"(""M_29_"")",서브
M_29_1,M_29_,Collect,A Quiet Hall,(),0,2000,"(""M_29_"")",서브
M_29_2,M_29_,Collect,Sean’s Gentle Nod,(),0,2000,"(""M_29_"")",서브
M_29_3,M_29_,Collect,Dan’s Last Line,(),0,2000,"(""M_29_"")",서브
M_29_4,M_29_,Collect,The Unmoving Mirror,(),0,2000,"(""M_29_"")",서브
M_29_5,M_29_,Collect,The Resting Compass,(),0,2000,"(""M_29_"")",서브
M_29_6,M_29_,Collect,Trace of a Recorder,(),0,2000,"(""M_29_"")",서브
M_29_7,M_29_,Collect,A Voice in the Margins,(),0,2000,"(""M_29_"")",서브
M_29_8,M_29_,Collect,“Think of Us Sometimes.”,(),0,2000,"(""M_29_"")",서브
M_29_9,M_29_,Collect,Free to Read Again,(),0,2000,"(""M_29_"")",서브
M_29_EX_0,M_29_EX_,Collect,A Flicker in the Menu,(),0,0,"(""M_29_EX_"")",메인서브
M_29_EX_1,M_29_EX_,Collect,Collect the System Fragments,(),0,0,"(""M_29_EX_"")",메인서브
M_29_EX_2,M_29_EX_,Collect,Interface Room,(),0,0,"(""M_29_EX_"")",메인서브
M_29_EX_3,M_29_EX_,Collect,System Shutdown,(),0,0,"(""M_29_EX_"")",메인서브
M_29_EX_4,M_29_EX_,Collect,The Last Window,(),0,0,"(""M_29_EX_"")",메인서브
M_29_EX_5,M_29_EX_,Collect,Manual Close,(),0,0,"(""M_29_EX_"")",메인서브
SK_0_0,SK_0_0,Explore,Achieve Blacksmith,(),0,500,,서브
SK_0_1,SK_0_1,Talking,News from Fergus,(),0,500,"(""SK_0_0"")",서브
SK_0_2,SK_0_2,Collect,Hammer Upgrade,"((""Quest_SK0_Hammer"", 1),(""Material_Gem_Diamond"", 1))",0,500,"(""SK_0_1"")",서브
SK_0_3,SK_0_3,Explore,Enhance,(),0,500,"(""SK_0_2"")",서브
SK_1_0,SK_1_0,Explore,New Friend,(),0,100,,서브
SK_1_1,SK_1_1,Collect,Faster Than the Eye,(),0,100,"(""SK_1_0"")",서브
SK_1_2,SK_1_2,Collect,Fresh Milk,(),0,100,"(""SK_1_1"")",서브
SK_2_0,SK_2_0,Kill,Outside Joivillage Is Dangerous,(),100,500,,서브
SK_2_1,SK_2_1,Kill,Way of the Bow,(),100,500,"(""SK_2_0"")",서브
SK_2_2,SK_2_2,Talking,If You’re Interested in Guns,(),0,100,"(""SK_2_1"")",서브
SK_2_3,SK_2_3,Talking,You’ll Need Authorization,(),100,500,"(""SK_2_2"")",서브
SK_2_4,SK_2_4,Kill,Firearm Authorization Test,(),100,500,"(""SK_2_3"")",서브
SK_2_5,SK_2_5,Talking,Show the License,(),100,500,"(""SK_2_4"")",서브
SK_2_6,SK_2_6,Kill,The Real Hunter’s Trial,(),100,500,"(""SK_2_5"")",서브
SK_3_0,SK_3_0,Talking,The Start of Combat Training,(),0,100,"(""SK_2_6"")",서브
SK_3_1,SK_3_1,Explore,The Start of Combat Training,(),0,1000,"(""SK_3_0"")",서브
SK_3_2,SK_3_2,Talking,Meeting Aria,(),0,100,"(""SK_3_1"")",서브
SK_3_3,SK_3_3,Explore,The Start of dodge Training,(),0,1000,"(""SK_3_2"")",서브
SK_4_0,SK_4_0,Collect,"Fire Safety, Always and Forever",(),500,500,,서브
SK_4_1,SK_4_1,Explore,Will of the Flame,(),0,100,"(""SK_4_0"")",서브
SK_5_0,SK_5_0,Kill,Crabby Trouble at the Shore,(),5000,5000,,서브
SK_5_1,SK_5_1,Talking,A Slight Mishap,(),0,100,"(""SK_5_0"")",서브
SK_5_2,SK_5_2,Collect,First Aid,(),0,100,"(""SK_5_1"")",서브
SK_6_0,SK_6_0,Collect,A Day at the Beach,(),1000,1000,,서브
SK_6_1,SK_6_1,Explore,Golden Hour,(),0,100,"(""SK_6_0"")",서브
SK_7_0,SK_7_0,Collect,Warm Your Mind,(),0,5000,,서브
SK_7_1,SK_7_1,Explore,Center Your Breath,(),0,5000,"(""SK_7_0"")",서브
SK_8_0,SK_8_0,Explore,The Final Combat Training,(),0,100,"(""SK_3_3"")",서브
SK_8_1,SK_8_1,Collect,Quick Recovery,(),0,100,"(""SK_8_0"")",서브
SK_9_0,SK_9_0,Explore,Beginning of Sound,(),0,100,,서브
SK_9_1,SK_9_1,Collect,Birth of a Melody,(),0,100,"(""SK_9_0"")",서브
SK_10_0,SK_10_0,Talking,The Beginning of Creation,(),0,100,,서브
SK_10_1,SK_10_1,Talking,The Struggle of Creation,(),0,100,"(""SK_10_0"")",서브
SK_10_2,SK_10_2,Collect,The Father of Creation,"((""Material_Paint"", 1))",0,100,"(""SK_10_1"")",서브
SK_10_3,SK_10_3,Collect,The Mother of Creation,(),0,100,"(""SK_10_2"")",서브
SK_10_4,SK_10_4,Collect,A Tale Well Told,(),0,100,"(""SK_10_3"")",서브
SK_11_0,SK_11_0,Collect,Nature\'s Gift,(),0,100,,서브
SK_11_1,SK_11_1,Collect,Herbal Studies,(),0,100,"(""SK_11_0"")",서브
SK_12_0,SK_12_0,Explore,Toward Adventure,(),0,100,,서브
SK_12_1,SK_12_1,Collect,Relic Appraisal,(),0,100,,서브
SK_12_2,SK_12_2,Collect,Unexpected Fortune,(),0,100,,서브
SK_13_0,SK_13_0,Explore,Road Driving Practice,(),0,100,,서브
SK_13_1,SK_13_1,Explore,Real Training,(),0,100,"(""SK_13_0"")",서브
SK_14_0,SK_14_0,Collect,Potion Research,"((""Potion_Experimental"", 1))",0,100,,서브
SK_14_1,SK_14_1,Use,Clinical Trial,(),0,100,"(""SK_14_0"")",서브
SK_14_2,SK_14_2,Collect,Side Effects,(),0,100,"(""SK_14_1"")",서브
SK_15_0,SK_15_0,Collect,Donation,(),0,100,,서브
SK_15_1,SK_15_1,Collect,Appearance of Wealth,(),0,100,,서브
SK_16_0,SK_16_0,Talking,Unlucky Day,(),0,100,,서브
SK_16_1,SK_16_1,Talking,Flow of Fortune,(),0,100,"(""SK_16_0"")",서브
SK_16_2,SK_16_2,Explore,Master of Luck,(),0,100,"(""SK_16_1"")",서브
SK_16_3,SK_16_3,Collect,Luck Hates Fools,"((""Quest_SK16_LuckyCharm"", 1))",0,100,"(""SK_16_2"")",서브
SK_16_4,SK_16_4,Delivery,Totally Lucky Vibes,(),0,100,"(""SK_16_3"")",서브
SK_17_0,SK_17_0,Collect,Flow of the Constellations,(),0,100,"(""M_2_1"")",서브
SK_17_1,SK_17_1,Explore,Between Fiction and Reality,"((""Weapon_Orb"", 1))",0,100,"(""SK_17_0"")",서브
SK_17_2,SK_17_2,Explore,Beyond Fiction,(),0,100,"(""SK_17_1"")",서브
SK_17_3,SK_17_3,Explore,The Voyage of Stars,(),0,100,"(""SK_17_2"")",서브
AC_0_0,AC_0_0,Kill,Conqueror,(),0,0,,서브
AC_0_1,AC_0_1,Explore,CreativeSoul,(),0,0,,서브
AC_0_2,AC_0_2,Explore,Donator,(),0,0,,서브
AC_0_3,AC_0_3,Explore,TheCycleOfStars,(),0,0,,서브
AC_0_4,AC_0_4,Explore,Maestro,(),0,0,,서브
AC_0_5,AC_0_5,Explore,GiftOfNature,(),0,0,,서브
AC_0_6,AC_0_6,Explore,Traveler,(),0,0,,서브
AC_0_7,AC_0_7,Explore,TrickOfFate,(),0,0,,서브
AC_0_8,AC_0_8,Explore,Fish,(),0,0,,서브
AC_0_9,AC_0_9,Explore,Craft,(),0,0,,서브
AC_0_10,AC_0_10,Explore,Product,(),0,0,,서브
AC_0_11,AC_0_11,Explore,FoodAndBeverage,(),0,0,,서브
AC_0_12,AC_0_12,Explore,Potion,(),0,0,,서브
AC_0_13,AC_0_13,Explore,HandCraft,(),0,0,,서브
AC_0_14,AC_0_14,Explore,NPC,(),0,0,,서브
AC_0_15,AC_0_15,Explore,Skills,(),0,0,,스킬
S_0_0,S_0_0,Kill,Population Control,(),1000,500,,서브
S_0_1,S_0_1,Collect,Village Restoration,(),1000,500,,서브
S_0_2,S_0_2,Find,Chasing Rumors,(),1000,500,,서브
S_0_3,S_0_3,Explore,What Lies at the End of the Labyrinth?,(),1000,500,,서브
S_0_4,S_0_4,Collect,A Contribution for the Village,(),1000,500,,서브
S_1_0,S_1_0,Collect,Fishing Class,(),1000,500,,서브
S_1_1,S_1_1,Collect,Fisher of the Seasons,(),5000,3000,"(""S_1_0"")",서브
S_1_2,S_1_2,Collect,Dried Waterlily Salmon,(),5000,3000,"(""S_1_1"")",서브
S_1_3,S_1_3,Collect,The Legendary Cat,(),5000,3000,"(""S_1_2"")",서브
S_2_0,S_2_0,Kill,Heartbeat Test,(),5000,3000,,서브
S_2_1,S_2_1,Collect,Report Writing,(),5000,3000,"(""S_2_0"")",서브
S_2_2,S_2_2,Kill,Report Writing,(),5000,3000,"(""S_2_1"")",서브
S_2_3,S_2_3,Delivery,Engineering,(),5000,3000,"(""S_2_2"")",서브
S_3_0,S_3_0,Collect,I Need a Break,(),5000,3000,,서브
S_3_1,S_3_1,Collect,Home Cooked Meal,(),5000,3000,"(""S_3_0"")",서브
S_3_2,S_3_2,Collect,Fatigue Tonic,(),5000,3000,"(""S_3_1"")",서브
S_3_3,S_3_3,Collect,From the East,(),5000,3000,"(""S_3_2"")",서브
S_4_0,S_4_0,Talking,The Flaming Barbecue,(),5000,3000,,서브
S_4_1,S_4_1,Collect,Needs More Fire,(),5000,3000,"(""S_4_0"")",서브
S_4_2,S_4_2,Collect,I’ve Got the Meat,(),5000,3000,"(""S_4_1"")",서브
S_4_3,S_4_3,Collect,Veggies on the Grill,(),5000,3000,"(""S_4_2"")",서브
S_4_4,S_4_4,Collect,We Need the Sauce!,(),5000,3000,"(""S_4_3"")",서브
S_4_5,S_4_5,Talking,No Party Without Music,(),5000,3000,"(""S_4_4"")",서브
S_4_6,S_4_6,Kill,The Final Touch,(),5000,3000,"(""S_4_5"")",서브
S_4_7,S_4_7,Talking,The Final Touch,(),5000,3000,"(""S_4_6"")",서브
S_5_0,S_5_0,Talking,Secret in a Bottle,"((""Quest_S5_SealedBottle"", 1))",5000,3000,"(""M_2_14"")",서브
S_5_1,S_5_1,Use,Sealed Bottle,(),5000,3000,"(""S_5_0"")",서브
S_5_2,S_5_2,Talking,A Page of Story,(),5000,3000,"(""S_5_1"")",서브
S_5_3,S_5_3,Talking,Secret Letter,(),5000,3000,"(""S_5_2"")",서브
S_5_4,S_5_4,Explore,Forgotten Rules,(),5000,3000,"(""S_5_3"")",서브
S_5_5,S_5_5,Talking,Note in the Ground,(),5000,3000,"(""S_5_4"")",서브
S_5_6,S_5_6,Talking,Decoded Letter,(),5000,3000,"(""S_5_5"")",서브
S_5_7,S_5_7,Talking,Fracture of Memory,(),5000,3000,"(""S_5_6"")",서브
S_5_8,S_5_8,Talking,Finding the Truth,(),5000,3000,"(""S_5_7"")",서브
S_5_9,S_5_9,Collect,Storybook Page,"((""Quest_S5_OceansBack"", 1))",5000,3000,"(""S_5_8"")",서브
S_5_10,S_5_10,Delivery,The Ending We Want,(),5000,3000,"(""S_5_9"")",서브
S_6_0,S_6_0,Delivery,Expanding the Warehouse,(),5000,3000,,서브
S_6_1,S_6_1,Talking,Storage Cabinet Request,(),5000,3000,"(""S_6_0"")",서브
S_6_2,S_6_2,Collect,Fergus’s Request,(),5000,3000,"(""S_6_1"")",서브
S_6_3,S_6_3,Collect,Stock the Warehouse I,(),5000,3000,"(""S_6_2"")",서브
S_6_4,S_6_4,Kill,Rat Trouble,(),5000,3000,"(""S_6_3"")",서브
S_6_5,S_6_5,Collect,Stock the Warehouse II,(),5000,3000,"(""S_6_4"")",서브
S_6_6,S_6_6,Talking,Cooling Tech,(),5000,3000,"(""S_6_5"")",서브
S_6_7,S_6_7,Collect,Joey’s Materials,(),5000,3000,"(""S_6_6"")",서브
S_6_8,S_6_8,Collect,Restock,(),5000,3000,"(""S_6_7"")",서브
S_7_0,S_7_0,Collect,Legendary Clover,(),5000,3000,,서브
S_7_1,S_7_1,Talking,The Missing Book,(),5000,3000,"(""S_7_0"")",서브
S_7_2,S_7_2,Talking,Emily’s Problem,(),5000,3000,"(""S_7_1"")",서브
S_7_3,S_7_3,Talking,The Lucky Man,(),5000,3000,"(""S_7_2"")",서브
S_7_4,S_7_4,Collect,Final Gathering,(),5000,3000,"(""S_7_3"")",서브
S_7_5,S_7_5,Talking,Luck in the Journey,(),5000,3000,"(""S_7_4"")",서브
S_7_6,S_7_6,Explore,Moment of Serendipity,(),5000,3000,"(""S_7_5"")",서브
S_8_0,S_8_0,Talking,Unknown Ailment,(),5000,3000,"(""M_3_14"",""SK_17_0"")",서브
S_8_1,S_8_1,Talking,Shared Symptoms,(),5000,3000,"(""S_8_0"")",서브
S_8_2,S_8_2,Talking,The Libra’s Curse,(),5000,3000,"(""S_8_1"")",서브
S_8_3,S_8_3,Talking,The Three Blind Prophets,(),5000,3000,"(""S_8_2"")",서브
S_8_4,S_8_4,Collect,The Broken Balance,(),5000,3000,"(""S_8_3"")",서브
S_8_5,S_8_5,Explore,Path of Astronomy,(),5000,3000,"(""S_8_4"")",서브
S_8_6,S_8_6,Collect,Celestial Medicine,(),5000,3000,"(""S_8_5"")",서브
S_8_7,S_8_7,Delivery,Report of the Starlight,(),5000,3000,"(""S_8_6"")",서브
S_9_0,S_9_0,Talking,Cooking Contest,(),5000,3000,,서브
S_9_1,S_9_1,Collect,Fresh Appetizer,(),5000,3000,"(""S_9_0"")",서브
S_9_2,S_9_2,Collect,The Essential Meat,(),5000,3000,"(""S_9_1"")",서브
S_9_3,S_9_3,Collect,Sweet Dessert,(),5000,3000,"(""S_9_2"")",서브
S_9_4,S_9_4,Talking,"90% Effort, 10% Luck",(),5000,3000,"(""S_9_3"")",서브
S_9_5,S_9_5,Talking,The Prepared Chef,(),5000,3000,"(""S_9_4"")",서브
S_10_0,S_10_0,Talking,Village Development,(),5000,3000,"(""M_1_15"")",서브
S_10_1,S_10_1,Collect,Blueprints,(),5000,3000,"(""S_10_0"")",서브
S_10_2,S_10_2,Delivery,Collaboration,(),5000,3000,"(""S_10_1"")",서브
S_10_3,S_10_3,Kill,Trouble at the Site,(),5000,3000,"(""S_10_2"")",서브
S_10_4,S_10_4,Talking,Completed Tunnel,(),5000,3000,"(""S_10_3"")",서브
S_11_0,S_11_0,Explore,Ghostly Commotion,(),5000,3000,"(""M_2_14"")",서브
S_11_1,S_11_1,Explore,Deeper Down,(),5000,3000,"(""S_11_0"")",서브
S_11_2,S_11_2,Talking,The Rumored Ghost,(),5000,3000,"(""S_11_1"")",서브
S_11_3,S_11_3,Collect,Cracked Page,(),5000,3000,"(""S_11_2"")",서브
S_11_4,S_11_4,Explore,Restored Tale,(),5000,3000,"(""S_11_3"")",서브
